✏️s/🔌️plugins/📜️imperative/📦️packages/🦀️rust/././../../🗿️artifacts/📜️imperative/🏅️standards/🔖️1/🪆️subsets/✳️any/👁️viewer/🦀️component.rs	31
✏️s/🔌️plugins/📜️imperative/📦️packages/🦀️rust/././../../🗿️artifacts/📜️imperative/🏅️standards/🔖️1/🪆️subsets/✳️any/👁️viewer/🦀️component.rs	34
✏️s/🔌️plugins/📜️imperative/📦️packages/🦀️rust/./././../../🗿️artifacts/📜️imperative/🏅️standards/🔖️1/🪆️subsets/✳️any/✏️editor/🎚️config/🦀️component.rs	110
✏️s/🔌️plugins/📜️imperative/📦️packages/🦀️rust/./././../../🗿️artifacts/📜️imperative/🏅️standards/🔖️1/🪆️subsets/✳️any/✏️editor/🎚️config/🦀️component.rs	121
✏️s/🔌️plugins/📜️imperative/📦️packages/🦀️rust/./././../../🗿️artifacts/📜️imperative/🏅️standards/🔖️1/🪆️subsets/✳️any/✏️editor/🎚️config/🦀️component.rs	131
✏️s/🔌️plugins/📜️imperative/📦️packages/🦀️rust/./././../../🗿️artifacts/📜️imperative/🏅️standards/🔖️1/🪆️subsets/✳️any/✏️editor/🎚️config/🦀️component.rs	144
✏️s/🔌️plugins/📜️imperative/📦️packages/🦀️rust/./././../../🗿️artifacts/📜️imperative/🏅️standards/🔖️1/🪆️subsets/✳️any/✏️editor/🎚️config/🦀️component.rs	166
✏️s/🔌️plugins/📜️imperative/📦️packages/🦀️rust/./././../../🗿️artifacts/📜️imperative/🏅️standards/🔖️1/🪆️subsets/✳️any/✏️editor/🎚️config/🦀️component.rs	198
✏️s/🔌️plugins/📜️imperative/📦️packages/🦀️rust/./././../../🗿️artifacts/📜️imperative/🏅️standards/🔖️1/🪆️subsets/✳️any/✏️editor/🎚️config/🦀️component.rs	33
✏️s/🔌️plugins/📜️imperative/📦️packages/🦀️rust/./././../../🗿️artifacts/📜️imperative/🏅️standards/🔖️1/🪆️subsets/✳️any/✏️editor/🎚️config/🦀️component.rs	36
✏️s/🔌️plugins/📜️imperative/📦️packages/🦀️rust/./././../../🗿️artifacts/📜️imperative/🏅️standards/🔖️1/🪆️subsets/✳️any/✏️editor/🎚️config/🦀️component.rs	44
✏️s/🔌️plugins/📜️imperative/📦️packages/🦀️rust/./././../../🗿️artifacts/📜️imperative/🏅️standards/🔖️1/🪆️subsets/✳️any/✏️editor/🎚️config/🦀️component.rs	53
✏️s/🔌️plugins/📜️imperative/📦️packages/🦀️rust/./././../../🗿️artifacts/📜️imperative/🏅️standards/🔖️1/🪆️subsets/✳️any/✏️editor/🎚️config/🦀️component.rs	58
✏️s/🔌️plugins/📜️imperative/📦️packages/🦀️rust/./././../../🗿️artifacts/📜️imperative/🏅️standards/🔖️1/🪆️subsets/✳️any/✏️editor/🎚️config/🦀️component.rs	66
✏️s/🔌️plugins/📜️imperative/📦️packages/🦀️rust/./././../../🗿️artifacts/📜️imperative/🏅️standards/🔖️1/🪆️subsets/✳️any/✏️editor/👥️presence/🦀️component.rs	20
✏️s/🔌️plugins/📜️imperative/📦️packages/🦀️rust/./././../../🗿️artifacts/📜️imperative/🏅️standards/🔖️1/🪆️subsets/✳️any/✏️editor/👥️presence/🦀️component.rs	26
✏️s/🔌️plugins/📜️imperative/📦️packages/🦀️rust/./././../../🗿️artifacts/📜️imperative/🏅️standards/🔖️1/🪆️subsets/✳️any/✏️editor/👥️presence/🦀️component.rs	32
✏️s/🔌️plugins/📜️imperative/📦️packages/🦀️rust/./././../../🗿️artifacts/📜️imperative/🏅️standards/🔖️1/🪆️subsets/✳️any/✏️editor/👥️presence/🦀️component.rs	35
✏️s/🔌️plugins/📜️imperative/📦️packages/🦀️rust/./././../../🗿️artifacts/📜️imperative/🏅️standards/🔖️1/🪆️subsets/✳️any/✏️editor/👥️presence/🦀️component.rs	41
✏️s/🔌️plugins/📜️imperative/📦️packages/🦀️rust/./././../../🗿️artifacts/📜️imperative/🏅️standards/🔖️1/🪆️subsets/✳️any/✏️editor/👥️presence/🦀️component.rs	44
✏️s/🔌️plugins/📜️imperative/📦️packages/🦀️rust/./././../../🗿️artifacts/📜️imperative/🏅️standards/🔖️1/🪆️subsets/✳️any/✏️editor/👥️presence/🦀️component.rs	58
✏️s/🔌️plugins/📜️imperative/📦️packages/🦀️rust/./././../../🗿️artifacts/📜️imperative/🏅️standards/🔖️1/🪆️subsets/✳️any/✏️editor/👥️presence/🦀️component.rs	62
✏️s/🔌️plugins/📜️imperative/📦️packages/🦀️rust/./././../../🗿️artifacts/📜️imperative/🏅️standards/🔖️1/🪆️subsets/✳️any/✏️editor/👥️presence/🦀️component.rs	68
✏️s/🔌️plugins/📜️imperative/📦️packages/🦀️rust/./././../../🗿️artifacts/📜️imperative/🏅️standards/🔖️1/🪆️subsets/✳️any/✏️editor/👥️presence/🦀️component.rs	80
✏️s/🔌️plugins/📜️imperative/📦️packages/🦀️rust/./././../../🗿️artifacts/📜️imperative/🏅️standards/🔖️1/🪆️subsets/✳️any/✏️editor/👥️presence/🦀️component.rs	94
✏️s/🔌️plugins/📜️imperative/📦️packages/🦀️rust/./././../../🗿️artifacts/📜️imperative/🏅️standards/🔖️1/🪆️subsets/✳️any/✏️editor/👥️presence/🦀️component.rs	97
✏️s/🔌️plugins/📜️imperative/📦️packages/🦀️rust/././././././././../../🗿️artifacts/📜️imperative/🏅️standards/🔖️1/🪆️subsets/✳️any/🧬️schema/💡️inferences/🦀️component.rs	26
✏️s/🔌️plugins/📜️imperative/📦️packages/🦀️rust/././././././././../../🗿️artifacts/📜️imperative/🏅️standards/🔖️1/🪆️subsets/✳️any/🧬️schema/💡️inferences/🦀️component.rs	45
✏️s/🔌️plugins/📜️imperative/📦️packages/🦀️rust/././././././././../../🗿️artifacts/📜️imperative/🏅️standards/🔖️1/🪆️subsets/✳️any/🧬️schema/💡️inferences/🦀️component.rs	48
✏️s/🔌️plugins/📜️imperative/📦️packages/🦀️rust/././././././././../../🗿️artifacts/📜️imperative/🏅️standards/🔖️1/🪆️subsets/✳️any/🧬️schema/💡️inferences/🦀️component.rs	51
✏️s/🔌️plugins/📜️imperative/📦️packages/🦀️rust/././././././././../../🗿️artifacts/📜️imperative/🏅️standards/🔖️1/🪆️subsets/✳️any/🧬️schema/📸️snapshot/🦀️component.rs	182
✏️s/🔌️plugins/📜️imperative/📦️packages/🦀️rust/././././././././../../🗿️artifacts/📜️imperative/🏅️standards/🔖️1/🪆️subsets/✳️any/🧬️schema/📸️snapshot/🦀️component.rs	185
✏️s/🔌️plugins/📜️imperative/📦️packages/🦀️rust/././././././././../../🗿️artifacts/📜️imperative/🏅️standards/🔖️1/🪆️subsets/✳️any/🧬️schema/📸️snapshot/🦀️component.rs	192
✏️s/🔌️plugins/📜️imperative/📦️packages/🦀️rust/././././././././../../🗿️artifacts/📜️imperative/🏅️standards/🔖️1/🪆️subsets/✳️any/🧬️schema/📸️snapshot/🦀️component.rs	200
✏️s/🔌️plugins/📜️imperative/📦️packages/🦀️rust/././././././././../../🗿️artifacts/📜️imperative/🏅️standards/🔖️1/🪆️subsets/✳️any/🧬️schema/📸️snapshot/🦀️component.rs	206
✏️s/🔌️plugins/📜️imperative/📦️packages/🦀️rust/././././././././../../🗿️artifacts/📜️imperative/🏅️standards/🔖️1/🪆️subsets/✳️any/🧬️schema/🔺️diff/📝️text/🦀️component.rs	47
✏️s/🔌️plugins/📜️imperative/📦️packages/🦀️rust/././././././././../../🗿️artifacts/📜️imperative/🏅️standards/🔖️1/🪆️subsets/✳️any/🧬️schema/🔺️diff/📝️text/🦀️component.rs	65
✏️s/🔌️plugins/📜️imperative/📦️packages/🦀️rust/././././././././../../🗿️artifacts/📜️imperative/🏅️standards/🔖️1/🪆️subsets/✳️any/🧬️schema/🧬️mutations/💾️binary/🦀️component.rs	116
✏️s/🔌️plugins/📜️imperative/📦️packages/🦀️rust/././././././././../../🗿️artifacts/📜️imperative/🏅️standards/🔖️1/🪆️subsets/✳️any/🧬️schema/🧬️mutations/💾️binary/🦀️component.rs	120
✏️s/🔌️plugins/📜️imperative/📦️packages/🦀️rust/././././././././../../🗿️artifacts/📜️imperative/🏅️standards/🔖️1/🪆️subsets/✳️any/🧬️schema/🧬️mutations/💾️binary/🦀️component.rs	128
✏️s/🔌️plugins/📜️imperative/📦️packages/🦀️rust/././././././././../../🗿️artifacts/📜️imperative/🏅️standards/🔖️1/🪆️subsets/✳️any/🧬️schema/🧬️mutations/💾️binary/🦀️component.rs	132
✏️s/🔌️plugins/📜️imperative/📦️packages/🦀️rust/././././././././../../🗿️artifacts/📜️imperative/🏅️standards/🔖️1/🪆️subsets/✳️any/🧬️schema/🧬️mutations/💾️binary/🦀️component.rs	66
✏️s/🔌️plugins/📜️imperative/📦️packages/🦀️rust/././././././././../../🗿️artifacts/📜️imperative/🏅️standards/🔖️1/🪆️subsets/✳️any/🧬️schema/🧬️mutations/💾️binary/🦀️component.rs	77
✏️s/🔌️plugins/📜️imperative/📦️packages/🦀️rust/././././././././../../🗿️artifacts/📜️imperative/🏅️standards/🔖️1/🪆️subsets/✳️any/🧬️schema/🧬️mutations/💾️binary/🦀️component.rs	86
✏️s/🔌️plugins/📜️imperative/📦️packages/🦀️rust/././././././././../../🗿️artifacts/📜️imperative/🏅️standards/🔖️1/🪆️subsets/✳️any/🧬️schema/🧬️mutations/💾️binary/🦀️component.rs	89
✏️s/🔌️plugins/📜️imperative/📦️packages/🦀️rust/./././././././././../../🗿️artifacts/📜️imperative/🏅️standards/🔖️1/🪆️subsets/✳️any/🧬️schema/🧬️mutations/🌱create-step/🦠️mutation/🦀️component.rs	26
✏️s/🔌️plugins/📜️imperative/📦️packages/🦀️rust/./././././././././../../🗿️artifacts/📜️imperative/🏅️standards/🔖️1/🪆️subsets/✳️any/🧬️schema/🧬️mutations/🌱create-step/🦠️mutation/🦀️component.rs	29
✏️s/🔌️plugins/📜️imperative/📦️packages/🦀️rust/./././././././././../../🗿️artifacts/📜️imperative/🏅️standards/🔖️1/🪆️subsets/✳️any/🧬️schema/🧬️mutations/🌱create-step/🦠️mutation/🦀️component.rs	32
✏️s/🔌️plugins/📜️imperative/📦️packages/🦀️rust/./././././././././../../🗿️artifacts/📜️imperative/🏅️standards/🔖️1/🪆️subsets/✳️any/🧬️schema/🧬️mutations/🌱create-step/🦠️mutation/🦀️component.rs	35
✏️s/🔌️plugins/📜️imperative/📦️packages/🦀️rust/./././././././././../../🗿️artifacts/📜️imperative/🏅️standards/🔖️1/🪆️subsets/✳️any/🧬️schema/🧬️mutations/🔀reorder-steps/🦠️mutation/🦀️component.rs	26
✏️s/🔌️plugins/📜️imperative/📦️packages/🦀️rust/./././././././././../../🗿️artifacts/📜️imperative/🏅️standards/🔖️1/🪆️subsets/✳️any/🧬️schema/🧬️mutations/🔀reorder-steps/🦠️mutation/🦀️component.rs	29
✏️s/🔌️plugins/📜️imperative/📦️packages/🦀️rust/./././././././././../../🗿️artifacts/📜️imperative/🏅️standards/🔖️1/🪆️subsets/✳️any/🧬️schema/🧬️mutations/🔀reorder-steps/🦠️mutation/🦀️component.rs	32
✏️s/🔌️plugins/📜️imperative/📦️packages/🦀️rust/./././././././././../../🗿️artifacts/📜️imperative/🏅️standards/🔖️1/🪆️subsets/✳️any/🧬️schema/🧬️mutations/🔀reorder-steps/🦠️mutation/🦀️component.rs	35
✏️s/🔌️plugins/📜️imperative/📦️packages/🦀️rust/./././././././././../../🗿️artifacts/📜️imperative/🏅️standards/🔖️1/🪆️subsets/✳️any/🧬️schema/🧬️mutations/🔧edit-step-params/🦠️mutation/🦀️component.rs	27
✏️s/🔌️plugins/📜️imperative/📦️packages/🦀️rust/./././././././././../../🗿️artifacts/📜️imperative/🏅️standards/🔖️1/🪆️subsets/✳️any/🧬️schema/🧬️mutations/🔧edit-step-params/🦠️mutation/🦀️component.rs	30
✏️s/🔌️plugins/📜️imperative/📦️packages/🦀️rust/./././././././././../../🗿️artifacts/📜️imperative/🏅️standards/🔖️1/🪆️subsets/✳️any/🧬️schema/🧬️mutations/🔧edit-step-params/🦠️mutation/🦀️component.rs	33
✏️s/🔌️plugins/📜️imperative/📦️packages/🦀️rust/./././././././././../../🗿️artifacts/📜️imperative/🏅️standards/🔖️1/🪆️subsets/✳️any/🧬️schema/🧬️mutations/🔧edit-step-params/🦠️mutation/🦀️component.rs	36
✏️s/🔌️plugins/📜️imperative/📦️packages/🦀️rust/./././././././././../../🗿️artifacts/📜️imperative/🏅️standards/🔖️1/🪆️subsets/✳️any/🧬️schema/🧬️mutations/🗑️delete-step/🦠️mutation/🦀️component.rs	25
✏️s/🔌️plugins/📜️imperative/📦️packages/🦀️rust/./././././././././../../🗿️artifacts/📜️imperative/🏅️standards/🔖️1/🪆️subsets/✳️any/🧬️schema/🧬️mutations/🗑️delete-step/🦠️mutation/🦀️component.rs	28
✏️s/🔌️plugins/📜️imperative/📦️packages/🦀️rust/./././././././././../../🗿️artifacts/📜️imperative/🏅️standards/🔖️1/🪆️subsets/✳️any/🧬️schema/🧬️mutations/🗑️delete-step/🦠️mutation/🦀️component.rs	31
✏️s/🔌️plugins/📜️imperative/📦️packages/🦀️rust/./././././././././../../🗿️artifacts/📜️imperative/🏅️standards/🔖️1/🪆️subsets/✳️any/🧬️schema/🧬️mutations/🗑️delete-step/🦠️mutation/🦀️component.rs	34
