E0271	✏️s/🔌️plugins/📜️imperative/📦️packages/🦀️rust/././../../🗿️artifacts/📜️imperative/🏅️standards/🔖️1/🪆️subsets/✳️any/✏️editor/🦀️component.rs	186	expected `impl Future<Output = UiNode>` to be a future that resolves to `ComponentTree`, but it resolves to `UiNode`
E0271	✏️s/🔌️plugins/📜️imperative/📦️packages/🦀️rust/././../../🗿️artifacts/📜️imperative/🏅️standards/🔖️1/🪆️subsets/✳️any/👁️viewer/🦀️component.rs	76	expected `impl Future<Output = UiNode>` to be a future that resolves to `ComponentTree`, but it resolves to `UiNode`
E0277	✏️s/🔌️plugins/📜️imperative/📦️packages/🦀️rust/././././../../🗿️artifacts/📜️imperative/🏅️standards/🔖️1/🪆️subsets/✳️any/📚️examples/🎬️demo/🦀️component.rs	12	the trait bound `LocalizedLabel: From<impl Future<Output = LocalizedLabel>>` is not satisfied
E0277	✏️s/🔌️plugins/📜️imperative/📦️packages/🦀️rust/./../../🗿️artifacts/📜️imperative/🏅️standards/🔖️1/🪆️subsets/✳️any/✏️editor/📚️examples/🎬️demo-session/🦀️component.rs	12	the trait bound `LocalizedLabel: From<impl Future<Output = LocalizedLabel>>` is not satisfied
E0308	✏️s/🔌️plugins/📜️imperative/📦️packages/🦀️rust/./././././././../../🗿️artifacts/📜️imperative/🏅️standards/🔖️1/🪆️subsets/✳️any/🧬️schema/🦀️component.rs	127	mismatched types
E0308	✏️s/🔌️plugins/📜️imperative/📦️packages/🦀️rust/./././././././../../🗿️artifacts/📜️imperative/🏅️standards/🔖️1/🪆️subsets/✳️any/🧬️schema/🦀️component.rs	130	mismatched types
E0308	✏️s/🔌️plugins/📜️imperative/📦️packages/🦀️rust/../../🦀️component.rs	36	mismatched types
E0308	✏️s/🔌️plugins/📜️imperative/📦️packages/🦀️rust/../../🦀️component.rs	38	mismatched types
E0308	✏️s/🔌️plugins/📜️imperative/📦️packages/🦀️rust/./././././../../🗿️artifacts/📜️imperative/🏅️standards/🔖️1/🪆️subsets/✳️any/👁️viewer/🎭️modes/👁️view/🪟️windows/📋️main/🦀️component.rs	32	mismatched types
E0308	✏️s/🔌️plugins/📜️imperative/📦️packages/🦀️rust/././../../🗿️artifacts/📜️imperative/🏅️standards/🔖️1/🪆️subsets/✳️any/👁️viewer/🦀️component.rs	78	mismatched types
E0308	✏️s/🔌️plugins/📜️imperative/📦️packages/🦀️rust/./././././../../🗿️artifacts/📜️imperative/🏅️standards/🔖️1/🪆️subsets/✳️any/👁️viewer/🎭️modes/👁️view/🪟️windows/📝️script/🦀️component.rs	28	mismatched types
E0277	✏️s/🔌️plugins/📜️imperative/📦️packages/🦀️rust/./././../../🗿️artifacts/📜️imperative/🏅️standards/🔖️1/🪆️subsets/✳️any/✏️editor/📌️panels/📄️artifact/🦀️component.rs	44	the trait bound `std::string::String: From<impl Future<Output = std::string::String>>` is not satisfied
E0308	✏️s/🔌️plugins/📜️imperative/📦️packages/🦀️rust/././../../🗿️artifacts/📜️imperative/🏅️standards/🔖️1/🪆️subsets/✳️any/👁️viewer/🦀️component.rs	91	mismatched types
E0277	✏️s/🔌️plugins/📜️imperative/📦️packages/🦀️rust/./././../../🗿️artifacts/📜️imperative/🏅️standards/🔖️1/🪆️subsets/✳️any/✏️editor/📌️panels/📄️artifact/🦀️component.rs	44	the trait bound `semio_framework_plugin::plugin_app_close_prelude::Label: From<semio_framework_plugin::Label>` is not satisfied
E0308	✏️s/🔌️plugins/📜️imperative/📦️packages/🦀️rust/./././../../🗿️artifacts/📜️imperative/🏅️standards/🔖️1/🪆️subsets/✳️any/✏️editor/🎮️commands/🔧️set-step-params-at/🦀️component.rs	38	mismatched types
E0308	✏️s/🔌️plugins/📜️imperative/📦️packages/🦀️rust/./././././../../🗿️artifacts/📜️imperative/🏅️standards/🔖️1/🪆️subsets/✳️any/✏️editor/🎭️modes/✏️edit/🪟️windows/📋️main/🦀️component.rs	65	mismatched types
E0308	✏️s/🔌️plugins/📜️imperative/📦️packages/🦀️rust/./././../../🗿️artifacts/📜️imperative/🏅️standards/🔖️1/🪆️subsets/✳️any/✏️editor/🎮️commands/🔧️set-step-params/🦀️component.rs	38	mismatched types
E0277	✏️s/🔌️plugins/📜️imperative/📦️packages/🦀️rust/./././../../🗿️artifacts/📜️imperative/🏅️standards/🔖️1/🪆️subsets/✳️any/✏️editor/📌️panels/📄️artifact/🦀️component.rs	44	the trait bound `std::string::String: From<impl Future<Output = std::string::String>>` is not satisfied
E0277	✏️s/🔌️plugins/📜️imperative/📦️packages/🦀️rust/./././../../🗿️artifacts/📜️imperative/🏅️standards/🔖️1/🪆️subsets/✳️any/✏️editor/📌️panels/📄️artifact/🦀️component.rs	44	the trait bound `semio_framework_plugin::plugin_app_close_prelude::Label: From<semio_framework_plugin::Label>` is not satisfied
E0277	✏️s/🔌️plugins/📜️imperative/📦️packages/🦀️rust/./././././../../🗿️artifacts/📜️imperative/🏅️standards/🔖️1/🪆️subsets/✳️any/✏️editor/🎭️modes/✏️edit/🪟️windows/📋️main/🦀️component.rs	66	`impl Future<Output = Vec<editor::imperative::modes::edit::windows::main::TableRow>>` is not an iterator
E0277	✏️s/🔌️plugins/📜️imperative/📦️packages/🦀️rust/./././../../🗿️artifacts/📜️imperative/🏅️standards/🔖️1/🪆️subsets/✳️any/✏️editor/📌️panels/📄️artifact/🦀️component.rs	44	a value of type `Vec<UiTreeItemNode>` cannot be built from an iterator over elements of type `impl Future<Output = BuiltNode>`
E0308	✏️s/🔌️plugins/📜️imperative/📦️packages/🦀️rust/././../../🗿️artifacts/📜️imperative/🏅️standards/🔖️1/🪆️subsets/✳️any/👁️viewer/🦀️component.rs	93	mismatched types
E0308	✏️s/🔌️plugins/📜️imperative/📦️packages/🦀️rust/./././../../🗿️artifacts/📜️imperative/🏅️standards/🔖️1/🪆️subsets/✳️any/✏️editor/🎮️commands/🧩️set-contributions/🦀️component.rs	16	mismatched types
E0308	✏️s/🔌️plugins/📜️imperative/📦️packages/🦀️rust/./././../../🗿️artifacts/📜️imperative/🏅️standards/🔖️1/🪆️subsets/✳️any/✏️editor/🎮️commands/👁️set-locale/🦀️component.rs	18	mismatched types
E0308	✏️s/🔌️plugins/📜️imperative/📦️packages/🦀️rust/./././../../🗿️artifacts/📜️imperative/🏅️standards/🔖️1/🪆️subsets/✳️any/✏️editor/🎮️commands/🔧️remove-step-at/🦀️component.rs	78	mismatched types
E0308	✏️s/🔌️plugins/📜️imperative/📦️packages/🦀️rust/./././././../../🗿️artifacts/📜️imperative/🏅️standards/🔖️1/🪆️subsets/✳️any/✏️editor/🎭️modes/✏️edit/🪟️windows/📋️main/🦀️component.rs	67	mismatched types
E0308	✏️s/🔌️plugins/📜️imperative/📦️packages/🦀️rust/./././../../🗿️artifacts/📜️imperative/🏅️standards/🔖️1/🪆️subsets/✳️any/✏️editor/🎮️commands/🔧️remove-step-at/🦀️component.rs	80	mismatched types
E0308	✏️s/🔌️plugins/📜️imperative/📦️packages/🦀️rust/./././././././../../🗿️artifacts/📜️imperative/🏅️standards/🔖️1/🪆️subsets/✳️any/🚪️io/🦀️component.rs	44	mismatched types
E0599	✏️s/🔌️plugins/📜️imperative/📦️packages/🦀️rust/./././../../🗿️artifacts/📜️imperative/🏅️standards/🔖️1/🪆️subsets/✳️any/✏️editor/📌️panels/🛍️catalogue/🦀️component.rs	29	no method named `item_id` found for opaque type `impl Future<Output = PanelTreeBuilder>` in the current scope
E0308	✏️s/🔌️plugins/📜️imperative/📦️packages/🦀️rust/./././././../../🗿️artifacts/📜️imperative/🏅️standards/🔖️1/🪆️subsets/✳️any/✏️editor/🎭️modes/✏️edit/🪟️windows/📋️main/🦀️component.rs	67	mismatched types
E0308	✏️s/🔌️plugins/📜️imperative/📦️packages/🦀️rust/./././././././../../🗿️artifacts/📜️imperative/🏅️standards/🔖️1/🪆️subsets/✳️any/🚪️io/🦀️component.rs	45	mismatched types
E0277	✏️s/🔌️plugins/📜️imperative/📦️packages/🦀️rust/./././../../🗿️artifacts/📜️imperative/🏅️standards/🔖️1/🪆️subsets/✳️any/✏️editor/📌️panels/🛍️catalogue/🦀️component.rs	29	the trait bound `semio_framework_plugin::plugin_app_close_prelude::Label: From<LabelText>` is not satisfied
E0599	✏️s/🔌️plugins/📜️imperative/📦️packages/🦀️rust/./././../../🗿️artifacts/📜️imperative/🏅️standards/🔖️1/🪆️subsets/✳️any/✏️editor/🎮️commands/🔧️set-step-params/🦀️component.rs	38	no method named `iter` found for opaque type `impl Future<Output = Vec<semio_s_imperative::Step>>` in the current scope
E0308	✏️s/🔌️plugins/📜️imperative/📦️packages/🦀️rust/././../../🗿️artifacts/📜️imperative/🏅️standards/🔖️1/🪆️subsets/✳️any/👁️viewer/🦀️component.rs	94	mismatched types
E0609	✏️s/🔌️plugins/📜️imperative/📦️packages/🦀️rust/./././././././../../🗿️artifacts/📜️imperative/🏅️standards/🔖️1/🪆️subsets/✳️any/🚪️io/🦀️component.rs	80	no field `parts` on type `impl Future<Output = Analysis<<... as ArtifactAnalyzer>::Parts>>`
E0609	✏️s/🔌️plugins/📜️imperative/📦️packages/🦀️rust/./././././././../../🗿️artifacts/📜️imperative/🏅️standards/🔖️1/🪆️subsets/✳️any/🚪️io/🦀️component.rs	81	no field `confidence` on type `impl Future<Output = Analysis<<... as ArtifactAnalyzer>::Parts>>`
E0609	✏️s/🔌️plugins/📜️imperative/📦️packages/🦀️rust/./././././././../../🗿️artifacts/📜️imperative/🏅️standards/🔖️1/🪆️subsets/✳️any/🚪️io/🦀️component.rs	81	no field `diagnostics` on type `impl Future<Output = Analysis<<... as ArtifactAnalyzer>::Parts>>`
E0308	✏️s/🔌️plugins/📜️imperative/📦️packages/🦀️rust/./././../../🗿️artifacts/📜️imperative/🏅️standards/🔖️1/🪆️subsets/✳️any/✏️editor/🎮️commands/🔧️remove-step-at/🦀️component.rs	80	mismatched types
E0308	✏️s/🔌️plugins/📜️imperative/📦️packages/🦀️rust/./././../../🗿️artifacts/📜️imperative/🏅️standards/🔖️1/🪆️subsets/✳️any/✏️editor/🎮️commands/🔧️set-step-params/🦀️component.rs	75	mismatched types
E0308	✏️s/🔌️plugins/📜️imperative/📦️packages/🦀️rust/./././../../🗿️artifacts/📜️imperative/🏅️standards/🔖️1/🪆️subsets/✳️any/✏️editor/📌️panels/🛍️catalogue/🦀️component.rs	29	mismatched types
E0308	✏️s/🔌️plugins/📜️imperative/📦️packages/🦀️rust/./././././././../../🗿️artifacts/📜️imperative/🏅️standards/🔖️1/🪆️subsets/✳️any/🚪️io/🦀️component.rs	89	mismatched types
E0277	✏️s/🔌️plugins/📜️imperative/📦️packages/🦀️rust/./././././../../🗿️artifacts/📜️imperative/🏅️standards/🔖️1/🪆️subsets/✳️any/✏️editor/🎭️modes/✏️edit/🪟️windows/📋️main/🦀️component.rs	80	the trait bound `std::string::String: From<impl Future<Output = std::string::String>>` is not satisfied
E0308	✏️s/🔌️plugins/📜️imperative/📦️packages/🦀️rust/./././././././../../🗿️artifacts/📜️imperative/🏅️standards/🔖️1/🪆️subsets/✳️any/🚪️io/🦀️component.rs	98	mismatched types
E0308	✏️s/🔌️plugins/📜️imperative/📦️packages/🦀️rust/./././././././../../🗿️artifacts/📜️imperative/🏅️standards/🔖️1/🪆️subsets/✳️any/🚪️io/🦀️component.rs	107	mismatched types
E0308	✏️s/🔌️plugins/📜️imperative/📦️packages/🦀️rust/./././././././../../🗿️artifacts/📜️imperative/🏅️standards/🔖️1/🪆️subsets/✳️any/🚪️io/🦀️component.rs	116	mismatched types
E0308	✏️s/🔌️plugins/📜️imperative/📦️packages/🦀️rust/./././../../🗿️artifacts/📜️imperative/🏅️standards/🔖️1/🪆️subsets/✳️any/✏️editor/🎮️commands/🔧️set-step-params/🦀️component.rs	76	mismatched types
E0308	✏️s/🔌️plugins/📜️imperative/📦️packages/🦀️rust/./././../../🗿️artifacts/📜️imperative/🏅️standards/🔖️1/🪆️subsets/✳️any/✏️editor/🎮️commands/🔧️remove-step/🦀️component.rs	76	mismatched types
E0308	✏️s/🔌️plugins/📜️imperative/📦️packages/🦀️rust/./././../../🗿️artifacts/📜️imperative/🏅️standards/🔖️1/🪆️subsets/✳️any/✏️editor/🎮️commands/👁️run/🦀️component.rs	20	mismatched types
E0308	✏️s/🔌️plugins/📜️imperative/📦️packages/🦀️rust/./././../../🗿️artifacts/📜️imperative/🏅️standards/🔖️1/🪆️subsets/✳️any/✏️editor/🎮️commands/🔧️remove-step/🦀️component.rs	77	mismatched types
E0308	✏️s/🔌️plugins/📜️imperative/📦️packages/🦀️rust/./././../../🗿️artifacts/📜️imperative/🏅️standards/🔖️1/🪆️subsets/✳️any/✏️editor/🎮️commands/🔧️remove-step-at/🦀️component.rs	36	mismatched types
E0308	✏️s/🔌️plugins/📜️imperative/📦️packages/🦀️rust/././../../🗿️artifacts/📜️imperative/🏅️standards/🔖️1/🪆️subsets/✳️any/👁️viewer/🦀️component.rs	95	mismatched types
E0308	✏️s/🔌️plugins/📜️imperative/📦️packages/🦀️rust/./././../../🗿️artifacts/📜️imperative/🏅️standards/🔖️1/🪆️subsets/✳️any/✏️editor/🎮️commands/🔧️remove-step/🦀️component.rs	36	mismatched types
E0308	✏️s/🔌️plugins/📜️imperative/📦️packages/🦀️rust/./././../../🗿️artifacts/📜️imperative/🏅️standards/🔖️1/🪆️subsets/✳️any/✏️editor/🎮️commands/🔧️move-step-at/🦀️component.rs	75	mismatched types
E0308	✏️s/🔌️plugins/📜️imperative/📦️packages/🦀️rust/./././../../🗿️artifacts/📜️imperative/🏅️standards/🔖️1/🪆️subsets/✳️any/✏️editor/🎮️commands/🔧️move-step-at/🦀️component.rs	77	mismatched types
E0599	✏️s/🔌️plugins/📜️imperative/📦️packages/🦀️rust/./././../../🗿️artifacts/📜️imperative/🏅️standards/🔖️1/🪆️subsets/✳️any/✏️editor/📌️panels/📄️artifact/🦀️component.rs	46	no method named `section_or_placeholder` found for opaque type `impl Future<Output = PanelTreeBuilder>` in the current scope
E0308	✏️s/🔌️plugins/📜️imperative/📦️packages/🦀️rust/./././../../🗿️artifacts/📜️imperative/🏅️standards/🔖️1/🪆️subsets/✳️any/✏️editor/🎮️commands/🔧️move-step-at/🦀️component.rs	77	mismatched types
E0308	✏️s/🔌️plugins/📜️imperative/📦️packages/🦀️rust/./././../../🗿️artifacts/📜️imperative/🏅️standards/🔖️1/🪆️subsets/✳️any/✏️editor/🎮️commands/🔧️move-step-at/🦀️component.rs	36	mismatched types
E0308	✏️s/🔌️plugins/📜️imperative/📦️packages/🦀️rust/./././../../🗿️artifacts/📜️imperative/🏅️standards/🔖️1/🪆️subsets/✳️any/✏️editor/🎮️commands/🔧️move-step/🦀️component.rs	73	mismatched types
E0599	✏️s/🔌️plugins/📜️imperative/📦️packages/🦀️rust/./././../../🗿️artifacts/📜️imperative/🏅️standards/🔖️1/🪆️subsets/✳️any/✏️editor/🎮️commands/🔧️set-step-params-at/🦀️component.rs	38	no method named `iter` found for opaque type `impl Future<Output = Vec<semio_s_imperative::Step>>` in the current scope
E0308	✏️s/🔌️plugins/📜️imperative/📦️packages/🦀️rust/./././../../🗿️artifacts/📜️imperative/🏅️standards/🔖️1/🪆️subsets/✳️any/✏️editor/🎮️commands/🔧️set-step-params-at/🦀️component.rs	77	mismatched types
E0308	✏️s/🔌️plugins/📜️imperative/📦️packages/🦀️rust/./././../../🗿️artifacts/📜️imperative/🏅️standards/🔖️1/🪆️subsets/✳️any/✏️editor/🎮️commands/🔧️move-step/🦀️component.rs	74	mismatched types
E0308	✏️s/🔌️plugins/📜️imperative/📦️packages/🦀️rust/./././../../🗿️artifacts/📜️imperative/🏅️standards/🔖️1/🪆️subsets/✳️any/✏️editor/🎮️commands/🔧️set-step-params-at/🦀️component.rs	79	mismatched types
E0308	✏️s/🔌️plugins/📜️imperative/📦️packages/🦀️rust/./././../../🗿️artifacts/📜️imperative/🏅️standards/🔖️1/🪆️subsets/✳️any/✏️editor/🎮️commands/🔧️move-step/🦀️component.rs	36	mismatched types
E0308	✏️s/🔌️plugins/📜️imperative/📦️packages/🦀️rust/./././../../🗿️artifacts/📜️imperative/🏅️standards/🔖️1/🪆️subsets/✳️any/✏️editor/🎮️commands/🔧️set-step-params-at/🦀️component.rs	79	mismatched types
E0277	✏️s/🔌️plugins/📜️imperative/📦️packages/🦀️rust/./././../../🗿️artifacts/📜️imperative/🏅️standards/🔖️1/🪆️subsets/✳️any/✏️editor/🎮️commands/🔧️add-step-at/🦀️component.rs	19	the trait bound `impl Future<Output = u64>: Ord` is not satisfied
E0599	✏️s/🔌️plugins/📜️imperative/📦️packages/🦀️rust/./././../../🗿️artifacts/📜️imperative/🏅️standards/🔖️1/🪆️subsets/✳️any/✏️editor/🎮️commands/🔧️remove-step-at/🦀️component.rs	36	no method named `iter` found for opaque type `impl Future<Output = Vec<semio_s_imperative::Step>>` in the current scope
E0599	✏️s/🔌️plugins/📜️imperative/📦️packages/🦀️rust/./././../../🗿️artifacts/📜️imperative/🏅️standards/🔖️1/🪆️subsets/✳️any/✏️editor/🎮️commands/🔧️remove-step/🦀️component.rs	36	no method named `iter` found for opaque type `impl Future<Output = Vec<semio_s_imperative::Step>>` in the current scope
E0277	✏️s/🔌️plugins/📜️imperative/📦️packages/🦀️rust/./././../../🗿️artifacts/📜️imperative/🏅️standards/🔖️1/🪆️subsets/✳️any/✏️editor/🎮️commands/🔧️add-step-at/🦀️component.rs	19	`{integer}` is not a future
E0277	✏️s/🔌️plugins/📜️imperative/📦️packages/🦀️rust/./././../../🗿️artifacts/📜️imperative/🏅️standards/🔖️1/🪆️subsets/✳️any/✏️editor/🎮️commands/🔧️add-step-at/🦀️component.rs	20	`u64` is not a future
E0369	✏️s/🔌️plugins/📜️imperative/📦️packages/🦀️rust/./././../../🗿️artifacts/📜️imperative/🏅️standards/🔖️1/🪆️subsets/✳️any/✏️editor/🎮️commands/🔧️add-step/🦀️component.rs	24	cannot add `{integer}` to `impl Future<Output = u64>`
E0308	✏️s/🔌️plugins/📜️imperative/📦️packages/🦀️rust/./././../../🗿️artifacts/📜️imperative/🏅️standards/🔖️1/🪆️subsets/✳️any/✏️editor/🎮️commands/🔧️add-step-at/🦀️component.rs	81	mismatched types
E0308	✏️s/🔌️plugins/📜️imperative/📦️packages/🦀️rust/./././../../🗿️artifacts/📜️imperative/🏅️standards/🔖️1/🪆️subsets/✳️any/✏️editor/🎮️commands/🔧️add-step/🦀️component.rs	66	mismatched types
E0599	✏️s/🔌️plugins/📜️imperative/📦️packages/🦀️rust/./././././././../../🗿️artifacts/📜️imperative/🏅️standards/🔖️1/🪆️subsets/✳️any/🚪️io/🦀️component.rs	158	no method named `map_err` found for opaque type `impl Future<Output = Result<ImperativeBuilder, TextError>>` in the current scope
E0308	✏️s/🔌️plugins/📜️imperative/📦️packages/🦀️rust/./././../../🗿️artifacts/📜️imperative/🏅️standards/🔖️1/🪆️subsets/✳️any/✏️editor/🎮️commands/🔧️add-step-at/🦀️component.rs	82	mismatched types
E0277	✏️s/🔌️plugins/📜️imperative/📦️packages/🦀️rust/./././../../🗿️artifacts/📜️imperative/🏅️standards/🔖️1/🪆️subsets/✳️any/✏️editor/🎮️commands/🔧️add-step/🦀️component.rs	19	the trait bound `impl Future<Output = u64>: Ord` is not satisfied
E0277	✏️s/🔌️plugins/📜️imperative/📦️packages/🦀️rust/./././../../🗿️artifacts/📜️imperative/🏅️standards/🔖️1/🪆️subsets/✳️any/✏️editor/🎮️commands/🔧️add-step/🦀️component.rs	19	`{integer}` is not a future
E0277	✏️s/🔌️plugins/📜️imperative/📦️packages/🦀️rust/./././../../🗿️artifacts/📜️imperative/🏅️standards/🔖️1/🪆️subsets/✳️any/✏️editor/🎮️commands/🔧️add-step/🦀️component.rs	20	`u64` is not a future
E0308	✏️s/🔌️plugins/📜️imperative/📦️packages/🦀️rust/./././../../🗿️artifacts/📜️imperative/🏅️standards/🔖️1/🪆️subsets/✳️any/✏️editor/🎮️commands/🔧️add-step-at/🦀️component.rs	82	mismatched types
E0308	✏️s/🔌️plugins/📜️imperative/📦️packages/🦀️rust/./././../../🗿️artifacts/📜️imperative/🏅️standards/🔖️1/🪆️subsets/✳️any/✏️editor/🎮️commands/🔧️add-step/🦀️component.rs	69	mismatched types
E0369	✏️s/🔌️plugins/📜️imperative/📦️packages/🦀️rust/./././../../🗿️artifacts/📜️imperative/🏅️standards/🔖️1/🪆️subsets/✳️any/✏️editor/🎮️commands/🔧️add-step-at/🦀️component.rs	24	cannot add `{integer}` to `impl Future<Output = u64>`
E0308	✏️s/🔌️plugins/📜️imperative/📦️packages/🦀️rust/././../../🗿️artifacts/📜️imperative/🏅️standards/🔖️1/🪆️subsets/✳️any/✏️editor/🗣️terminology/🦀️component.rs	33	mismatched types
E0599	✏️s/🔌️plugins/📜️imperative/📦️packages/🦀️rust/./././../../🗿️artifacts/📜️imperative/🏅️standards/🔖️1/🪆️subsets/✳️any/✏️editor/🎮️commands/🔧️move-step-at/🦀️component.rs	36	no method named `iter` found for opaque type `impl Future<Output = Vec<semio_s_imperative::Step>>` in the current scope
E0308	✏️s/🔌️plugins/📜️imperative/📦️packages/🦀️rust/././../../🗿️artifacts/📜️imperative/🏅️standards/🔖️1/🪆️subsets/✳️any/✏️editor/🦀️component.rs	313	mismatched types
E0308	✏️s/🔌️plugins/📜️imperative/📦️packages/🦀️rust/././../../🗿️artifacts/📜️imperative/🏅️standards/🔖️1/🪆️subsets/✳️any/✏️editor/🦀️component.rs	299	mismatched types
E0308	✏️s/🔌️plugins/📜️imperative/📦️packages/🦀️rust/././../../🗿️artifacts/📜️imperative/🏅️standards/🔖️1/🪆️subsets/✳️any/✏️editor/🦀️component.rs	192	mismatched types
E0308	✏️s/🔌️plugins/📜️imperative/📦️packages/🦀️rust/././../../🗿️artifacts/📜️imperative/🏅️standards/🔖️1/🪆️subsets/✳️any/✏️editor/🦀️component.rs	192	mismatched types
E0308	✏️s/🔌️plugins/📜️imperative/📦️packages/🦀️rust/././../../🗿️artifacts/📜️imperative/🏅️standards/🔖️1/🪆️subsets/✳️any/✏️editor/🦀️component.rs	313	mismatched types
E0308	✏️s/🔌️plugins/📜️imperative/📦️packages/🦀️rust/./././../../🗿️artifacts/📜️imperative/🏅️standards/🔖️1/🪆️subsets/✳️any/✏️editor/🎚️config/🦀️component.rs	74	mismatched types
E0308	✏️s/🔌️plugins/📜️imperative/📦️packages/🦀️rust/././../../🗿️artifacts/📜️imperative/🏅️standards/🔖️1/🪆️subsets/✳️any/✏️editor/🦀️component.rs	307	mismatched types
E0308	✏️s/🔌️plugins/📜️imperative/📦️packages/🦀️rust/././../../🗿️artifacts/📜️imperative/🏅️standards/🔖️1/🪆️subsets/✳️any/✏️editor/🦀️component.rs	194	mismatched types
E0308	✏️s/🔌️plugins/📜️imperative/📦️packages/🦀️rust/././../../🗿️artifacts/📜️imperative/🏅️standards/🔖️1/🪆️subsets/✳️any/✏️editor/🦀️component.rs	144	mismatched types
E0599	✏️s/🔌️plugins/📜️imperative/📦️packages/🦀️rust/./././../../🗿️artifacts/📜️imperative/🏅️standards/🔖️1/🪆️subsets/✳️any/✏️editor/📌️panels/🛍️catalogue/🦀️component.rs	30	no method named `section` found for opaque type `impl Future<Output = PanelTreeBuilder>` in the current scope
E0308	✏️s/🔌️plugins/📜️imperative/📦️packages/🦀️rust/././../../🗿️artifacts/📜️imperative/🏅️standards/🔖️1/🪆️subsets/✳️any/✏️editor/🦀️component.rs	195	mismatched types
E0308	✏️s/🔌️plugins/📜️imperative/📦️packages/🦀️rust/././../../🗿️artifacts/📜️imperative/🏅️standards/🔖️1/🪆️subsets/✳️any/✏️editor/🦀️component.rs	155	mismatched types
E0308	✏️s/🔌️plugins/📜️imperative/📦️packages/🦀️rust/././../../🗿️artifacts/📜️imperative/🏅️standards/🔖️1/🪆️subsets/✳️any/✏️editor/🦀️component.rs	196	mismatched types
E0271	✏️s/🔌️plugins/📜️imperative/📦️packages/🦀️rust/././../../🗿️artifacts/📜️imperative/🏅️standards/🔖️1/🪆️subsets/✳️any/✏️editor/🦀️component.rs	209	type mismatch resolving `<[impl Future<Output = ActionArgDef>; 1] as IntoIterator>::Item == ActionArgDef`
E0599	✏️s/🔌️plugins/📜️imperative/📦️packages/🦀️rust/./././../../🗿️artifacts/📜️imperative/🏅️standards/🔖️1/🪆️subsets/✳️any/✏️editor/🎮️commands/🔧️move-step/🦀️component.rs	36	no method named `iter` found for opaque type `impl Future<Output = Vec<semio_s_imperative::Step>>` in the current scope
E0308	✏️s/🔌️plugins/📜️imperative/📦️packages/🦀️rust/././../../🗿️artifacts/📜️imperative/🏅️standards/🔖️1/🪆️subsets/✳️any/✏️editor/🦀️component.rs	209	mismatched types
E0308	✏️s/🔌️plugins/📜️imperative/📦️packages/🦀️rust/././../../🗿️artifacts/📜️imperative/🏅️standards/🔖️1/🪆️subsets/✳️any/✏️editor/🦀️component.rs	163	mismatched types
E0308	🧰️framework/🛍️products/💻️os/🔨️modules/🔌️plugin/📦️packages/🦀️rust/../../🦀️component.rs	9677	mismatched types
E0308	✏️s/🔌️plugins/📜️imperative/📦️packages/🦀️rust/././../../🗿️artifacts/📜️imperative/🏅️standards/🔖️1/🪆️subsets/✳️any/✏️editor/🦀️component.rs	130	mismatched types
E0277	✏️s/🔌️plugins/📜️imperative/📦️packages/🦀️rust/./././././././././././././../../🗿️artifacts/📜️imperative/🏅️standards/🔖️1/🪆️subsets/✳️any/🚪️io/📤️export/🧵️serializers/🗿️artifacts/🔣️json/🔖️rfc8259/✳️any/🦀️component.rs	20	the `?` operator can only be applied to values that implement `Try`
E0308	✏️s/🔌️plugins/📜️imperative/📦️packages/🦀️rust/././../../🗿️artifacts/📜️imperative/🏅️standards/🔖️1/🪆️subsets/✳️any/✏️editor/🦀️component.rs	213	mismatched types
E0277	✏️s/🔌️plugins/📜️imperative/📦️packages/🦀️rust/./././././././././././././../../🗿️artifacts/📜️imperative/🏅️standards/🔖️1/🪆️subsets/✳️any/🚪️io/📤️export/🧵️serializers/🗿️artifacts/📝️md/🔖️commonmark/✳️any/🦀️component.rs	15	the `?` operator can only be applied to values that implement `Try`
E0277	✏️s/🔌️plugins/📜️imperative/📦️packages/🦀️rust/./././././././././././././../../🗿️artifacts/📜️imperative/🏅️standards/🔖️1/🪆️subsets/✳️any/🚪️io/📤️export/🧵️serializers/🗿️artifacts/📊️csv/🔖️rfc4180/✳️any/🦀️component.rs	20	the `?` operator can only be applied to values that implement `Try`
E0599	✏️s/🔌️plugins/📜️imperative/📦️packages/🦀️rust/././../../🗿️artifacts/📜️imperative/🏅️standards/🔖️1/🪆️subsets/✳️any/✏️editor/🦀️component.rs	321	no method named `expect` found for opaque type `impl Future<Output = Result<semio_framework_plugin::ComponentTree, dsl::Fault>>` in the current scope
E0277	✏️s/🔌️plugins/📜️imperative/📦️packages/🦀️rust/././././../../🗿️artifacts/📜️imperative/🏅️standards/🔖️1/🪆️subsets/✳️any/📚️examples/🎬️demo/🦀️component.rs	12	the trait bound `LocalizedLabel: From<impl Future<Output = LocalizedLabel>>` is not satisfied
E0308	✏️s/🔌️plugins/📜️imperative/📦️packages/🦀️rust/././../../🗿️artifacts/📜️imperative/🏅️standards/🔖️1/🪆️subsets/✳️any/✏️editor/🦀️component.rs	215	mismatched types
E0308	✏️s/🔌️plugins/📜️imperative/📦️packages/🦀️rust/./././././././././././././../../🗿️artifacts/📜️imperative/🏅️standards/🔖️1/🪆️subsets/✳️any/🚪️io/📥️import/🧩️deserializers/🗿️artifacts/📝️md/🔖️commonmark/✳️any/🦀️component.rs	19	mismatched types
E0599	✏️s/🔌️plugins/📜️imperative/📦️packages/🦀️rust/./././././././../../🗿️artifacts/📜️imperative/🏅️standards/🔖️1/🪆️subsets/✳️any/🚪️io/🦀️component.rs	159	no method named `map_err` found for opaque type `impl Future<Output = Result<ImperativeBuilder, PackError>>` in the current scope
E0277	✏️s/🔌️plugins/📜️imperative/📦️packages/🦀️rust/./././././././../../🗿️artifacts/📜️imperative/🏅️standards/🔖️1/🪆️subsets/✳️any/🚪️io/🦀️component.rs	195	the `?` operator can only be applied to values that implement `Try`
E0308	✏️s/🔌️plugins/📜️imperative/📦️packages/🦀️rust/./././././././././././././../../🗿️artifacts/📜️imperative/🏅️standards/🔖️1/🪆️subsets/✳️any/🚪️io/📥️import/🧩️deserializers/🗿️artifacts/🔣️json/🔖️rfc8259/✳️any/🦀️component.rs	22	mismatched types
E0277	✏️s/🔌️plugins/📜️imperative/📦️packages/🦀️rust/./././././././../../🗿️artifacts/📜️imperative/🏅️standards/🔖️1/🪆️subsets/✳️any/🚪️io/🦀️component.rs	179	the `?` operator can only be applied to values that implement `Try`
E0599	✏️s/🔌️plugins/📜️imperative/📦️packages/🦀️rust/././../../🗿️artifacts/📜️imperative/🏅️standards/🔖️1/🪆️subsets/✳️any/✏️editor/🦀️component.rs	317	no method named `expect` found for opaque type `impl Future<Output = Result<semio_framework_plugin::InvocationResult, dsl::Fault>>` in the current scope
E0308	✏️s/🔌️plugins/📜️imperative/📦️packages/🦀️rust/././../../🗿️artifacts/📜️imperative/🏅️standards/🔖️1/🪆️subsets/✳️any/✏️editor/🦀️component.rs	216	mismatched types
E0308	✏️s/🔌️plugins/📜️imperative/📦️packages/🦀️rust/././../../🗿️artifacts/📜️imperative/🏅️standards/🔖️1/🪆️subsets/✳️any/✏️editor/🦀️component.rs	217	mismatched types
E0599	✏️s/🔌️plugins/📜️imperative/📦️packages/🦀️rust/./././././././../../🗿️artifacts/📜️imperative/🏅️standards/🔖️1/🪆️subsets/✳️any/🚪️io/🦀️component.rs	196	no method named `map_err` found for opaque type `impl Future<Output = Result<Vec<u8>, TextError>>` in the current scope
E0599	✏️s/🔌️plugins/📜️imperative/📦️packages/🦀️rust/././../../🗿️artifacts/📜️imperative/🏅️standards/🔖️1/🪆️subsets/✳️any/✏️editor/🦀️component.rs	178	no method named `map_or` found for opaque type `impl Future<Output = std::option::Option<AppIo>>` in the current scope
E0599	✏️s/🔌️plugins/📜️imperative/📦️packages/🦀️rust/././../../🗿️artifacts/📜️imperative/🏅️standards/🔖️1/🪆️subsets/✳️any/✏️editor/🦀️component.rs	63	no method named `clone` found for opaque type `impl Future<Output = std::string::String>` in the current scope
E0599	✏️s/🔌️plugins/📜️imperative/📦️packages/🦀️rust/./././././././../../🗿️artifacts/📜️imperative/🏅️standards/🔖️1/🪆️subsets/✳️any/🚪️io/🦀️component.rs	180	no method named `map_err` found for opaque type `impl Future<Output = Result<Vec<u8>, TextError>>` in the current scope
E0277	✏️s/🔌️plugins/📜️imperative/📦️packages/🦀️rust/./././././././../../🗿️artifacts/📜️imperative/🏅️standards/🔖️1/🪆️subsets/✳️any/🚪️io/🦀️component.rs	187	the `?` operator can only be applied to values that implement `Try`
E0308	✏️s/🔌️plugins/📜️imperative/📦️packages/🦀️rust/././../../🗿️artifacts/📜️imperative/🏅️standards/🔖️1/🪆️subsets/✳️any/✏️editor/🦀️component.rs	218	mismatched types
E0308	✏️s/🔌️plugins/📜️imperative/📦️packages/🦀️rust/./././././././../../🗿️artifacts/📜️imperative/🏅️standards/🔖️1/🪆️subsets/✳️any/🚪️io/🦀️component.rs	207	mismatched types
E0308	✏️s/🔌️plugins/📜️imperative/📦️packages/🦀️rust/./././././././../../🗿️artifacts/📜️imperative/🏅️standards/🔖️1/🪆️subsets/✳️any/🚪️io/🦀️component.rs	208	mismatched types
E0599	✏️s/🔌️plugins/📜️imperative/📦️packages/🦀️rust/./././././././../../🗿️artifacts/📜️imperative/🏅️standards/🔖️1/🪆️subsets/✳️any/🚪️io/🦀️component.rs	171	no method named `map_err` found for opaque type `impl Future<Output = Result<ImperativeSnapshot, TextError>>` in the current scope
E0308	✏️s/🔌️plugins/📜️imperative/📦️packages/🦀️rust/./././././././../../🗿️artifacts/📜️imperative/🏅️standards/🔖️1/🪆️subsets/✳️any/🚪️io/🦀️component.rs	209	mismatched types
E0308	✏️s/🔌️plugins/📜️imperative/📦️packages/🦀️rust/././../../🗿️artifacts/📜️imperative/🏅️standards/🔖️1/🪆️subsets/✳️any/✏️editor/🦀️component.rs	219	mismatched types
E0599	✏️s/🔌️plugins/📜️imperative/📦️packages/🦀️rust/./././././././../../🗿️artifacts/📜️imperative/🏅️standards/🔖️1/🪆️subsets/✳️any/🚪️io/🦀️component.rs	188	no method named `map_err` found for opaque type `impl Future<Output = Result<Vec<u8>, TextError>>` in the current scope
E0599	✏️s/🔌️plugins/📜️imperative/📦️packages/🦀️rust/././../../🗿️artifacts/📜️imperative/🏅️standards/🔖️1/🪆️subsets/✳️any/✏️editor/🦀️component.rs	65	no method named `as_str` found for opaque type `impl Future<Output = std::string::String>` in the current scope
E0308	✏️s/🔌️plugins/📜️imperative/📦️packages/🦀️rust/././../../🗿️artifacts/📜️imperative/🏅️standards/🔖️1/🪆️subsets/✳️any/✏️editor/🦀️component.rs	220	mismatched types
E0308	✏️s/🔌️plugins/📜️imperative/📦️packages/🦀️rust/././../../🗿️artifacts/📜️imperative/🏅️standards/🔖️1/🪆️subsets/✳️any/✏️editor/🦀️component.rs	238	mismatched types
E0599	✏️s/🔌️plugins/📜️imperative/📦️packages/🦀️rust/././../../🗿️artifacts/📜️imperative/🏅️standards/🔖️1/🪆️subsets/✳️any/✏️editor/🦀️component.rs	243	no method named `default_value` found for opaque type `impl Future<Output = ActionArgDef>` in the current scope
E0308	✏️s/🔌️plugins/📜️imperative/📦️packages/🦀️rust/././../../🗿️artifacts/📜️imperative/🏅️standards/🔖️1/🪆️subsets/✳️any/✏️editor/🦀️component.rs	266	mismatched types
E0308	🧰️framework/🛍️products/💻️os/🔨️modules/🔌️plugin/📦️packages/🦀️rust/../../🦀️component.rs	17701	mismatched types
E0308	🧰️framework/🛍️products/💻️os/🔨️modules/🔌️plugin/📦️packages/🦀️rust/../../🦀️component.rs	17750	mismatched types
E0308	🧰️framework/🛍️products/💻️os/🔨️modules/🔌️plugin/📦️packages/🦀️rust/../../🦀️component.rs	17750	mismatched types
E0308	✏️s/🔌️plugins/📜️imperative/📦️packages/🦀️rust/./././././../../🗿️artifacts/📜️imperative/🏅️standards/🔖️1/🪆️subsets/✳️any/👁️viewer/🎭️modes/👁️view/🪟️windows/📝️script/🦀️component.rs	47	mismatched types
E0609	✏️s/🔌️plugins/📜️imperative/📦️packages/🦀️rust/./././././../../🗿️artifacts/📜️imperative/🏅️standards/🔖️1/🪆️subsets/✳️any/👁️viewer/🎭️modes/👁️view/🪟️windows/📋️main/🦀️component.rs	44	no field `id` on type `impl Future<Output = WindowKindDefinition>`
E0609	✏️s/🔌️plugins/📜️imperative/📦️packages/🦀️rust/./././././../../🗿️artifacts/📜️imperative/🏅️standards/🔖️1/🪆️subsets/✳️any/👁️viewer/🎭️modes/👁️view/🪟️windows/📋️main/🦀️component.rs	45	no field `body_key` on type `impl Future<Output = WindowKindDefinition>`
E0308	✏️s/🔌️plugins/📜️imperative/📦️packages/🦀️rust/./././././../../🗿️artifacts/📜️imperative/🏅️standards/🔖️1/🪆️subsets/✳️any/👁️viewer/🎭️modes/👁️view/🪟️windows/📋️main/🦀️component.rs	52	mismatched types
E0609	✏️s/🔌️plugins/📜️imperative/📦️packages/🦀️rust/././../../🗿️artifacts/📜️imperative/🏅️standards/🔖️1/🪆️subsets/✳️any/👁️viewer/🦀️component.rs	108	no field `role` on type `impl Future<Output = AppDefinition>`
E0609	✏️s/🔌️plugins/📜️imperative/📦️packages/🦀️rust/././../../🗿️artifacts/📜️imperative/🏅️standards/🔖️1/🪆️subsets/✳️any/👁️viewer/🦀️component.rs	109	no field `dialect` on type `impl Future<Output = AppDefinition>`
E0609	✏️s/🔌️plugins/📜️imperative/📦️packages/🦀️rust/./././././../../🗿️artifacts/📜️imperative/🏅️standards/🔖️1/🪆️subsets/✳️any/👁️viewer/🎭️modes/👁️view/🪟️windows/📝️script/🦀️component.rs	40	no field `id` on type `impl Future<Output = WindowKindDefinition>`
E0609	✏️s/🔌️plugins/📜️imperative/📦️packages/🦀️rust/./././././../../🗿️artifacts/📜️imperative/🏅️standards/🔖️1/🪆️subsets/✳️any/👁️viewer/🎭️modes/👁️view/🪟️windows/📝️script/🦀️component.rs	41	no field `body_key` on type `impl Future<Output = WindowKindDefinition>`
E0308	✏️s/🔌️plugins/📜️imperative/📦️packages/🦀️rust/./././../../🗿️artifacts/📜️imperative/🏅️standards/🔖️1/🪆️subsets/✳️any/✏️editor/📌️panels/🔍️inspection/🦀️component.rs	54	mismatched types
E0308	✏️s/🔌️plugins/📜️imperative/📦️packages/🦀️rust/./././../../🗿️artifacts/📜️imperative/🏅️standards/🔖️1/🪆️subsets/✳️any/✏️editor/📌️panels/📄️artifact/🦀️component.rs	61	mismatched types
E0308	✏️s/🔌️plugins/📜️imperative/📦️packages/🦀️rust/./././././../../🗿️artifacts/📜️imperative/🏅️standards/🔖️1/🪆️subsets/✳️any/✏️editor/🎭️modes/✏️edit/🪟️windows/📋️main/🦀️component.rs	96	mismatched types
E0308	✏️s/🔌️plugins/📜️imperative/📦️packages/🦀️rust/./././././../../🗿️artifacts/📜️imperative/🏅️standards/🔖️1/🪆️subsets/✳️any/✏️editor/🎭️modes/✏️edit/🪟️windows/📝️script/🦀️component.rs	50	mismatched types
E0599	✏️s/🔌️plugins/📜️imperative/📦️packages/🦀️rust/./././../../🗿️artifacts/📜️imperative/🏅️standards/🔖️1/🪆️subsets/✳️any/✏️editor/📌️panels/🔍️inspection/🦀️component.rs	54	no method named `contains` found for opaque type `impl Future<Output = std::string::String>` in the current scope
E0308	✏️s/🔌️plugins/📜️imperative/📦️packages/🦀️rust/././../../🗿️artifacts/📜️imperative/🦀️component.rs	331	mismatched types
E0599	✏️s/🔌️plugins/📜️imperative/📦️packages/🦀️rust/./././././../../🗿️artifacts/📜️imperative/🏅️standards/🔖️1/🪆️subsets/✳️any/✏️editor/🎭️modes/✏️edit/🪟️windows/📝️script/🦀️component.rs	50	no method named `contains` found for opaque type `impl Future<Output = std::string::String>` in the current scope
E0599	✏️s/🔌️plugins/📜️imperative/📦️packages/🦀️rust/./././../../🗿️artifacts/📜️imperative/🏅️standards/🔖️1/🪆️subsets/✳️any/✏️editor/📌️panels/📄️artifact/🦀️component.rs	61	no method named `contains` found for opaque type `impl Future<Output = std::string::String>` in the current scope
E0308	✏️s/🔌️plugins/📜️imperative/📦️packages/🦀️rust/./././../../🗿️artifacts/📜️imperative/🏅️standards/🔖️1/🪆️subsets/✳️any/✏️editor/📌️panels/🛍️catalogue/🦀️component.rs	43	mismatched types
E0599	✏️s/🔌️plugins/📜️imperative/📦️packages/🦀️rust/./././././../../🗿️artifacts/📜️imperative/🏅️standards/🔖️1/🪆️subsets/✳️any/✏️editor/🎭️modes/✏️edit/🪟️windows/📋️main/🦀️component.rs	97	no method named `contains` found for opaque type `impl Future<Output = std::string::String>` in the current scope
E0308	✏️s/🔌️plugins/📜️imperative/📦️packages/🦀️rust/./././././../../🗿️artifacts/📜️imperative/🏅️standards/🔖️1/🪆️subsets/✳️any/✏️editor/🎭️modes/✏️edit/🪟️windows/📋️main/🦀️component.rs	105	mismatched types
E0308	✏️s/🔌️plugins/📜️imperative/📦️packages/🦀️rust/./././././../../🗿️artifacts/📜️imperative/🏅️standards/🔖️1/🪆️subsets/✳️any/✏️editor/🎭️modes/✏️edit/🪟️windows/📋️main/🦀️component.rs	106	mismatched types
E0599	✏️s/🔌️plugins/📜️imperative/📦️packages/🦀️rust/./././../../🗿️artifacts/📜️imperative/🏅️standards/🔖️1/🪆️subsets/✳️any/✏️editor/📌️panels/🛍️catalogue/🦀️component.rs	44	no method named `contains` found for opaque type `impl Future<Output = std::string::String>` in the current scope
E0599	✏️s/🔌️plugins/📜️imperative/📦️packages/🦀️rust/./././../../🗿️artifacts/📜️imperative/🏅️standards/🔖️1/🪆️subsets/✳️any/✏️editor/📌️panels/📄️artifact/🦀️component.rs	67	no method named `id` found for opaque type `impl Future<Output = PanelTabDefinition>` in the current scope
E0609	✏️s/🔌️plugins/📜️imperative/📦️packages/🦀️rust/./././../../🗿️artifacts/📜️imperative/🏅️standards/🔖️1/🪆️subsets/✳️any/✏️editor/📌️panels/📄️artifact/🦀️component.rs	68	no field `body_key` on type `impl Future<Output = PanelTabDefinition>`
E0609	✏️s/🔌️plugins/📜️imperative/📦️packages/🦀️rust/././../../🗿️artifacts/📜️imperative/🏅️standards/🔖️1/🪆️subsets/✳️any/✏️editor/🗣️terminology/🦀️component.rs	44	no field `action_control_while` on type `impl Future<Output = &'static ImperativeLabels>`
E0609	✏️s/🔌️plugins/📜️imperative/📦️packages/🦀️rust/././../../🗿️artifacts/📜️imperative/🏅️standards/🔖️1/🪆️subsets/✳️any/✏️editor/🗣️terminology/🦀️component.rs	45	no field `action_control_while` on type `impl Future<Output = &'static ImperativeLabels>`
E0599	✏️s/🔌️plugins/📜️imperative/📦️packages/🦀️rust/./././././../../🗿️artifacts/📜️imperative/🏅️standards/🔖️1/🪆️subsets/✳️any/✏️editor/🎭️modes/✏️edit/🪟️windows/📋️main/🦀️component.rs	107	no method named `contains` found for opaque type `impl Future<Output = std::string::String>` in the current scope
E0599	✏️s/🔌️plugins/📜️imperative/📦️packages/🦀️rust/./././../../🗿️artifacts/📜️imperative/🏅️standards/🔖️1/🪆️subsets/✳️any/✏️editor/📌️panels/🛍️catalogue/🦀️component.rs	45	no method named `contains` found for opaque type `impl Future<Output = std::string::String>` in the current scope
E0308	✏️s/🔌️plugins/📜️imperative/📦️packages/🦀️rust/./././../../🗿️artifacts/📜️imperative/🏅️standards/🔖️1/🪆️subsets/✳️any/✏️editor/🎚️config/🦀️component.rs	79	mismatched types
E0308	✏️s/🔌️plugins/📜️imperative/📦️packages/🦀️rust/./././../../🗿️artifacts/📜️imperative/🏅️standards/🔖️1/🪆️subsets/✳️any/✏️editor/🎚️config/🦀️component.rs	25	`match` arms have incompatible types
E0308	✏️s/🔌️plugins/📜️imperative/📦️packages/🦀️rust/./././../../🗿️artifacts/📜️imperative/🏅️standards/🔖️1/🪆️subsets/✳️any/✏️editor/🎚️config/🦀️component.rs	25	`match` arms have incompatible types
E0308	✏️s/🔌️plugins/📜️imperative/📦️packages/🦀️rust/././../../🗿️artifacts/📜️imperative/🏅️standards/🔖️1/🪆️subsets/✳️any/✏️editor/🦀️component.rs	592	mismatched types
E0308	✏️s/🔌️plugins/📜️imperative/📦️packages/🦀️rust/././../../🗿️artifacts/📜️imperative/🏅️standards/🔖️1/🪆️subsets/✳️any/✏️editor/🦀️component.rs	539	mismatched types
E0599	✏️s/🔌️plugins/📜️imperative/📦️packages/🦀️rust/./././../../🗿️artifacts/📜️imperative/🏅️standards/🔖️1/🪆️subsets/✳️any/✏️editor/📌️panels/🛍️catalogue/🦀️component.rs	46	no method named `contains` found for opaque type `impl Future<Output = std::string::String>` in the current scope
E0308	✏️s/🔌️plugins/📜️imperative/📦️packages/🦀️rust/./././../../🗿️artifacts/📜️imperative/🏅️standards/🔖️1/🪆️subsets/✳️any/✏️editor/📌️panels/🛍️catalogue/🦀️component.rs	55	mismatched types
E0308	✏️s/🔌️plugins/📜️imperative/📦️packages/🦀️rust/./././../../🗿️artifacts/📜️imperative/🏅️standards/🔖️1/🪆️subsets/✳️any/✏️editor/📌️panels/🛍️catalogue/🦀️component.rs	56	mismatched types
E0599	✏️s/🔌️plugins/📜️imperative/📦️packages/🦀️rust/././../../🗿️artifacts/📜️imperative/🏅️standards/🔖️1/🪆️subsets/✳️any/✏️editor/🦀️component.rs	592	no method named `contains` found for opaque type `impl Future<Output = std::string::String>` in the current scope
E0308	✏️s/🔌️plugins/📜️imperative/📦️packages/🦀️rust/././../../🗿️artifacts/📜️imperative/🏅️standards/🔖️1/🪆️subsets/✳️any/✏️editor/🦀️component.rs	461	mismatched types
E0599	✏️s/🔌️plugins/📜️imperative/📦️packages/🦀️rust/././../../🗿️artifacts/📜️imperative/🏅️standards/🔖️1/🪆️subsets/✳️any/✏️editor/🦀️component.rs	498	no method named `dispatch_typed` found for opaque type `impl Future<Output = VcsArtifactApp<EditorApp<ImperativePlayApp>>>` in the current scope
E0599	✏️s/🔌️plugins/📜️imperative/📦️packages/🦀️rust/./././../../🗿️artifacts/📜️imperative/🏅️standards/🔖️1/🪆️subsets/✳️any/✏️editor/📌️panels/🛍️catalogue/🦀️component.rs	57	no method named `contains` found for opaque type `impl Future<Output = std::string::String>` in the current scope
E0599	✏️s/🔌️plugins/📜️imperative/📦️packages/🦀️rust/././../../🗿️artifacts/📜️imperative/🏅️standards/🔖️1/🪆️subsets/✳️any/✏️editor/🦀️component.rs	540	no method named `snapshot` found for opaque type `impl Future<Output = VcsArtifactApp<EditorApp<ImperativePlayApp>>>` in the current scope
E0599	✏️s/🔌️plugins/📜️imperative/📦️packages/🦀️rust/././../../🗿️artifacts/📜️imperative/🏅️standards/🔖️1/🪆️subsets/✳️any/✏️editor/🦀️component.rs	499	no method named `snapshot` found for opaque type `impl Future<Output = VcsArtifactApp<EditorApp<ImperativePlayApp>>>` in the current scope
E0599	✏️s/🔌️plugins/📜️imperative/📦️packages/🦀️rust/././../../🗿️artifacts/📜️imperative/🏅️standards/🔖️1/🪆️subsets/✳️any/✏️editor/🦀️component.rs	462	no method named `snapshot` found for opaque type `impl Future<Output = VcsArtifactApp<EditorApp<ImperativePlayApp>>>` in the current scope
E0599	✏️s/🔌️plugins/📜️imperative/📦️packages/🦀️rust/././../../🗿️artifacts/📜️imperative/🏅️standards/🔖️1/🪆️subsets/✳️any/✏️editor/🦀️component.rs	559	no method named `snapshot` found for opaque type `impl Future<Output = VcsArtifactApp<EditorApp<ImperativePlayApp>>>` in the current scope
E0308	✏️s/🔌️plugins/📜️imperative/📦️packages/🦀️rust/././../../🗿️artifacts/📜️imperative/🏅️standards/🔖️1/🪆️subsets/✳️any/✏️editor/🦀️component.rs	463	mismatched types
E0308	✏️s/🔌️plugins/📜️imperative/📦️packages/🦀️rust/././../../🗿️artifacts/📜️imperative/🏅️standards/🔖️1/🪆️subsets/✳️any/✏️editor/🦀️component.rs	560	mismatched types
E0599	✏️s/🔌️plugins/📜️imperative/📦️packages/🦀️rust/./././../../🗿️artifacts/📜️imperative/🏅️standards/🔖️1/🪆️subsets/✳️any/✏️editor/📌️panels/🛍️catalogue/🦀️component.rs	58	no method named `contains` found for opaque type `impl Future<Output = std::string::String>` in the current scope
E0599	✏️s/🔌️plugins/📜️imperative/📦️packages/🦀️rust/././../../🗿️artifacts/📜️imperative/🏅️standards/🔖️1/🪆️subsets/✳️any/✏️editor/🦀️component.rs	561	no method named `snapshot` found for opaque type `impl Future<Output = VcsArtifactApp<EditorApp<ImperativePlayApp>>>` in the current scope
E0308	✏️s/🔌️plugins/📜️imperative/📦️packages/🦀️rust/././../../🗿️artifacts/📜️imperative/🏅️standards/🔖️1/🪆️subsets/✳️any/✏️editor/🦀️component.rs	562	mismatched types
E0599	✏️s/🔌️plugins/📜️imperative/📦️packages/🦀️rust/././../../🗿️artifacts/📜️imperative/🏅️standards/🔖️1/🪆️subsets/✳️any/✏️editor/🦀️component.rs	503	no method named `dispatch_typed` found for opaque type `impl Future<Output = VcsArtifactApp<EditorApp<ImperativePlayApp>>>` in the current scope
E0599	✏️s/🔌️plugins/📜️imperative/📦️packages/🦀️rust/././../../🗿️artifacts/📜️imperative/🏅️standards/🔖️1/🪆️subsets/✳️any/✏️editor/🦀️component.rs	464	no method named `snapshot` found for opaque type `impl Future<Output = VcsArtifactApp<EditorApp<ImperativePlayApp>>>` in the current scope
E0599	✏️s/🔌️plugins/📜️imperative/📦️packages/🦀️rust/./././../../🗿️artifacts/📜️imperative/🏅️standards/🔖️1/🪆️subsets/✳️any/✏️editor/📌️panels/🛍️catalogue/🦀️component.rs	59	no method named `contains` found for opaque type `impl Future<Output = std::string::String>` in the current scope
E0308	✏️s/🔌️plugins/📜️imperative/📦️packages/🦀️rust/././../../🗿️artifacts/📜️imperative/🏅️standards/🔖️1/🪆️subsets/✳️any/✏️editor/🦀️component.rs	467	mismatched types
E0308	✏️s/🔌️plugins/📜️imperative/📦️packages/🦀️rust/././../../🗿️artifacts/📜️imperative/🏅️standards/🔖️1/🪆️subsets/✳️any/✏️editor/🦀️component.rs	469	mismatched types
E0609	✏️s/🔌️plugins/📜️imperative/📦️packages/🦀️rust/././../../🗿️artifacts/📜️imperative/🏅️standards/🔖️1/🪆️subsets/✳️any/✏️editor/🦀️component.rs	470	no field `domains` on type `impl Future<Output = InteractionTopology>`
E0599	✏️s/🔌️plugins/📜️imperative/📦️packages/🦀️rust/././../../🗿️artifacts/📜️imperative/🏅️standards/🔖️1/🪆️subsets/✳️any/✏️editor/🦀️component.rs	510	no method named `snapshot` found for opaque type `impl Future<Output = VcsArtifactApp<EditorApp<ImperativePlayApp>>>` in the current scope
E0308	✏️s/🔌️plugins/📜️imperative/📦️packages/🦀️rust/././../../🗿️artifacts/📜️imperative/🏅️standards/🔖️1/🪆️subsets/✳️any/✏️editor/🦀️component.rs	517	mismatched types
E0599	✏️s/🔌️plugins/📜️imperative/📦️packages/🦀️rust/././../../🗿️artifacts/📜️imperative/🏅️standards/🔖️1/🪆️subsets/✳️any/✏️editor/🦀️component.rs	553	no method named `expect` found for opaque type `impl Future<Output = Result<<_ as ArtifactApp>::Snapshot, Fault>>` in the current scope
E0599	✏️s/🔌️plugins/📜️imperative/📦️packages/🦀️rust/././../../🗿️artifacts/📜️imperative/🏅️standards/🔖️1/🪆️subsets/✳️any/✏️editor/🦀️component.rs	563	no method named `snapshot` found for opaque type `impl Future<Output = VcsArtifactApp<EditorApp<ImperativePlayApp>>>` in the current scope
E0308	✏️s/🔌️plugins/📜️imperative/📦️packages/🦀️rust/././../../🗿️artifacts/📜️imperative/🏅️standards/🔖️1/🪆️subsets/✳️any/✏️editor/🦀️component.rs	553	mismatched types
E0277	✏️s/🔌️plugins/📜️imperative/📦️packages/🦀️rust/././././../../🗿️artifacts/📜️imperative/🏅️standards/🔖️1/🪆️subsets/✳️any/✏️editor/🎭️modes/✏️edit/🦀️component.rs	29	the trait bound `impl Future<Output = semio_framework_plugin::WindowLayout>: serde::Serialize` is not satisfied
E0599	✏️s/🔌️plugins/📜️imperative/📦️packages/🦀️rust/././../../🗿️artifacts/📜️imperative/🏅️standards/🔖️1/🪆️subsets/✳️any/✏️editor/🦀️component.rs	518	no method named `snapshot` found for opaque type `impl Future<Output = VcsArtifactApp<EditorApp<ImperativePlayApp>>>` in the current scope
E0308	✏️s/🔌️plugins/📜️imperative/📦️packages/🦀️rust/././../../🗿️artifacts/📜️imperative/🏅️standards/🔖️1/🪆️subsets/✳️any/✏️editor/🦀️component.rs	525	mismatched types
E0609	✏️s/🔌️plugins/📜️imperative/📦️packages/🦀️rust/././../../🗿️artifacts/📜️imperative/🏅️standards/🔖️1/🪆️subsets/✳️any/✏️editor/🦀️component.rs	337	no field `id` on type `impl Future<Output = AppDefinition>`
E0609	✏️s/🔌️plugins/📜️imperative/📦️packages/🦀️rust/././../../🗿️artifacts/📜️imperative/🏅️standards/🔖️1/🪆️subsets/✳️any/✏️editor/🦀️component.rs	338	no field `keybindings` on type `impl Future<Output = AppDefinition>`
E0609	✏️s/🔌️plugins/📜️imperative/📦️packages/🦀️rust/././../../🗿️artifacts/📜️imperative/🏅️standards/🔖️1/🪆️subsets/✳️any/✏️editor/🦀️component.rs	344	no field `io` on type `impl Future<Output = AppDefinition>`
E0609	✏️s/🔌️plugins/📜️imperative/📦️packages/🦀️rust/././../../🗿️artifacts/📜️imperative/🏅️standards/🔖️1/🪆️subsets/✳️any/✏️editor/🦀️component.rs	345	no field `io` on type `impl Future<Output = AppDefinition>`
E0609	✏️s/🔌️plugins/📜️imperative/📦️packages/🦀️rust/././../../🗿️artifacts/📜️imperative/🏅️standards/🔖️1/🪆️subsets/✳️any/✏️editor/🦀️component.rs	346	no field `io` on type `impl Future<Output = AppDefinition>`
E0599	✏️s/🔌️plugins/📜️imperative/📦️packages/🦀️rust/././../../🗿️artifacts/📜️imperative/🏅️standards/🔖️1/🪆️subsets/✳️any/✏️editor/🦀️component.rs	474	no method named `as_str` found for opaque type `impl Future<Output = std::string::String>` in the current scope
E0308	✏️s/🔌️plugins/📜️imperative/📦️packages/🦀️rust/././../../🗿️artifacts/📜️imperative/🏅️standards/🔖️1/🪆️subsets/✳️any/✏️editor/🦀️component.rs	485	mismatched types
E0308	✏️s/🔌️plugins/📜️imperative/📦️packages/🦀️rust/././../../🗿️artifacts/📜️imperative/🏅️standards/🔖️1/🪆️subsets/✳️any/✏️editor/🦀️component.rs	487	mismatched types
E0609	✏️s/🔌️plugins/📜️imperative/📦️packages/🦀️rust/././../../🗿️artifacts/📜️imperative/🏅️standards/🔖️1/🪆️subsets/✳️any/✏️editor/🦀️component.rs	488	no field `domains` on type `impl Future<Output = InteractionTopology>`
E0277	✏️s/🔌️plugins/📜️imperative/📦️packages/🦀️rust/././././../../🗿️artifacts/📜️imperative/🏅️standards/🔖️1/🪆️subsets/✳️any/👁️viewer/🎭️modes/👁️view/🦀️component.rs	29	the trait bound `impl Future<Output = semio_framework_plugin::WindowLayout>: serde::Serialize` is not satisfied
E0599	✏️s/🔌️plugins/📜️imperative/📦️packages/🦀️rust/././../../🗿️artifacts/📜️imperative/🏅️standards/🔖️1/🪆️subsets/✳️any/✏️editor/🦀️component.rs	578	no method named `expect` found for opaque type `impl Future<Output = Result<<... as ArtifactApp>::Snapshot, ...>>` in the current scope
E0599	✏️s/🔌️plugins/📜️imperative/📦️packages/🦀️rust/././../../🗿️artifacts/📜️imperative/🏅️standards/🔖️1/🪆️subsets/✳️any/✏️editor/🦀️component.rs	355	no method named `iter` found for opaque type `impl Future<Output = Vec<editor::imperative::component::ImperativeCommand>>` in the current scope
E0599	✏️s/🔌️plugins/📜️imperative/📦️packages/🦀️rust/././../../🗿️artifacts/📜️imperative/🏅️standards/🔖️1/🪆️subsets/✳️any/✏️editor/🦀️component.rs	526	no method named `snapshot` found for opaque type `impl Future<Output = VcsArtifactApp<EditorApp<ImperativePlayApp>>>` in the current scope
E0277	✏️s/🔌️plugins/📜️imperative/📦️packages/🦀️rust/././../../🗿️artifacts/📜️imperative/🏅️standards/🔖️1/🪆️subsets/✳️any/✏️editor/🦀️component.rs	366	`impl Future<Output = Vec<editor::imperative::component::ImperativeCommand>>` is not an iterator
E0277	✏️s/🔌️plugins/📜️imperative/📦️packages/🦀️rust/././../../🗿️artifacts/📜️imperative/🏅️standards/🔖️1/🪆️subsets/✳️any/✏️editor/🦀️component.rs	377	`impl Future<Output = Vec<editor::imperative::component::ImperativeCommand>>` is not an iterator
E0599	✏️s/🔌️plugins/📜️imperative/📦️packages/🦀️rust/././././././././../../🗿️artifacts/📜️imperative/🏅️standards/🔖️1/🪆️subsets/✳️any/🧬️schema/🧬️mutations/💾️binary/🦀️component.rs	171	no method named `expect` found for opaque type `impl Future<Output = Result<ArtifactStore<..., ...>, ...>>` in the current scope
E0599	✏️s/🔌️plugins/📜️imperative/📦️packages/🦀️rust/././../../🗿️artifacts/📜️imperative/🏅️standards/🔖️1/🪆️subsets/✳️any/✏️editor/🦀️component.rs	585	no method named `expect` found for opaque type `impl Future<Output = Result<<... as ArtifactApp>::Snapshot, ...>>` in the current scope
E0599	✏️s/🔌️plugins/📜️imperative/📦️packages/🦀️rust/././../../🗿️artifacts/📜️imperative/🏅️standards/🔖️1/🪆️subsets/✳️any/✏️editor/🦀️component.rs	527	no method named `snapshot` found for opaque type `impl Future<Output = VcsArtifactApp<EditorApp<ImperativePlayApp>>>` in the current scope
E0308	✏️s/🔌️plugins/📜️imperative/📦️packages/🦀️rust/././../../🗿️artifacts/📜️imperative/🏅️standards/🔖️1/🪆️subsets/✳️any/✏️editor/🦀️component.rs	528	mismatched types
E0599	✏️s/🔌️plugins/📜️imperative/📦️packages/🦀️rust/././../../🗿️artifacts/📜️imperative/🏅️standards/🔖️1/🪆️subsets/✳️any/✏️editor/🦀️component.rs	529	no method named `snapshot` found for opaque type `impl Future<Output = VcsArtifactApp<EditorApp<ImperativePlayApp>>>` in the current scope
E0277	✏️s/🔌️plugins/📜️imperative/📦️packages/🦀️rust/././../../🗿️artifacts/📜️imperative/🏅️standards/🔖️1/🪆️subsets/✳️any/✏️editor/🦀️component.rs	428	the trait bound `impl Future<Output = AppDefinition>: serde::Serialize` is not satisfied
E0609	✏️s/🔌️plugins/📜️imperative/📦️packages/🦀️rust/././../../🗿️artifacts/📜️imperative/🏅️standards/🔖️1/🪆️subsets/✳️any/✏️editor/🦀️component.rs	447	no field `interactions` on type `impl Future<Output = AppDefinition>`
E0609	✏️s/🔌️plugins/📜️imperative/📦️packages/🦀️rust/././../../🗿️artifacts/📜️imperative/🏅️standards/🔖️1/🪆️subsets/✳️any/✏️editor/🦀️component.rs	451	no field `window_kinds` on type `impl Future<Output = AppDefinition>`
