✏️s/🔌️plugins/🗄️stdio/📦️packages/🦀️rust/📦️glue.rs	90	unused implementer of `Future` that must be used
✏️s/🔌️plugins/🗄️stdio/📦️packages/🦀️rust/./././././././../../🗿️artifacts/💾️binary/🏅️standards/🔖️raw/🪆️subsets/✳️any/🚪️io/🦀️component.rs	98	unused implementer of `Future` that must be used
✏️s/🔌️plugins/🗄️stdio/📦️packages/🦀️rust/./././././././../../🗿️artifacts/💾️binary/🏅️standards/🔖️raw/🪆️subsets/✳️any/🚪️io/🦀️component.rs	99	unused implementer of `Future` that must be used
✏️s/🔌️plugins/🗄️stdio/📦️packages/🦀️rust/./././././././../../🗿️artifacts/📄txt/🏅️standards/🔖️utf-8/🪆️subsets/✳️any/🚪️io/🦀️component.rs	75	unused implementer of `Future` that must be used
✏️s/🔌️plugins/🗄️stdio/📦️packages/🦀️rust/./././././././../../🗿️artifacts/📄txt/🏅️standards/🔖️utf-8/🪆️subsets/✳️any/🚪️io/🦀️component.rs	76	unused implementer of `Future` that must be used
✏️s/🔌️plugins/🗄️stdio/📦️packages/🦀️rust/./././././././../../🗿️artifacts/🗜️deflate/🏅️standards/🔖️rfc1950/🪆️subsets/✳️any/🚪️io/🦀️component.rs	1246	unused implementer of `Future` that must be used
✏️s/🔌️plugins/🗄️stdio/📦️packages/🦀️rust/./././././././../../🗿️artifacts/📐️step/🏅️standards/🔖️ap214/🪆️subsets/✳️any/🚪️io/📐️part21/🦀️component.rs	733	unused implementer of `Future` that must be used
✏️s/🔌️plugins/🗄️stdio/📦️packages/🦀️rust/./././././././../../🗿️artifacts/🧊️obj/🏅️standards/🔖️3.0/🪆️subsets/✳️any/🧬️schema/🦀️component.rs	392	unused implementer of `Future` that must be used
✏️s/🔌️plugins/🗄️stdio/📦️packages/🦀️rust/./././././././../../🗿️artifacts/🖼️bmp/🏅️standards/🔖️v3/🪆️subsets/✳️any/🚪️io/🦀️component.rs	419	unused implementer of `Future` that must be used
✏️s/🔌️plugins/🗄️stdio/📦️packages/🦀️rust/./././././././../../🗿️artifacts/🖼️bmp/🏅️standards/🔖️v3/🪆️subsets/✳️any/🚪️io/🦀️component.rs	420	unused implementer of `Future` that must be used
✏️s/🔌️plugins/🗄️stdio/📦️packages/🦀️rust/./././././././../../🗿️artifacts/🖊️dwg/🏅️standards/🔖️ac1024/🪆️subsets/✳️any/🧬️schema/🦀️component.rs	317	unused implementer of `Future` that must be used
✏️s/🔌️plugins/🗄️stdio/📦️packages/🦀️rust/./././././././../../🗿️artifacts/🖊️dwg/🏅️standards/🔖️ac1024/🪆️subsets/✳️any/🧬️schema/🦀️component.rs	318	unused implementer of `Future` that must be used
✏️s/🔌️plugins/🗄️stdio/📦️packages/🦀️rust/./././././././../../🗿️artifacts/📄️pdf/🏅️standards/🔖️1.4/🪆️subsets/✳️any/🚪️io/🦀️component.rs	145	unused implementer of `Future` that must be used
✏️s/🔌️plugins/🗄️stdio/📦️packages/🦀️rust/./././././././../../🗿️artifacts/📄️pdf/🏅️standards/🔖️1.4/🪆️subsets/✳️any/🚪️io/🦀️component.rs	146	unused implementer of `Future` that must be used
✏️s/🔌️plugins/🗄️stdio/📦️packages/🦀️rust/./././././././../../🗿️artifacts/🎞️gif/🏅️standards/🔖️87a/🪆️subsets/✳️any/🚪️io/🦀️component.rs	761	unused implementer of `Future` that must be used
✏️s/🔌️plugins/🗄️stdio/📦️packages/🦀️rust/./././././././../../🗿️artifacts/🎞️gif/🏅️standards/🔖️89a/🪆️subsets/✳️any/🚪️io/🦀️component.rs	496	unused implementer of `Future` that must be used
✏️s/🔌️plugins/🗄️stdio/📦️packages/🦀️rust/././././././../../🗿️artifacts/🎥️mp4/🏅️standards/🔖️isobmff/🪆️subsets/✳️any/🚪️io/🦀️component.rs	48	unused implementer of `Future` that must be used
