ash	runtime	1	🧰️framework/🔨️modules/🖱️ui/🖼️render/🎯️targets/🌋️vulkan/📦️packages/🦀️rust/Cargo.toml
ash-window	runtime	1	🧰️framework/🔨️modules/🖱️ui/🖼️render/🎯️targets/🌋️vulkan/📦️packages/🦀️rust/Cargo.toml
comemo	runtime	1	✏️s/🔌️plugins/🎞️animate/📦️packages/🦀️rust/Cargo.toml
criterion	test	1	✏️s/🔌️plugins/🗄️stdio/📦️packages/🦀️rust/Cargo.toml
ecow	runtime	1	✏️s/🔌️plugins/🎞️animate/📦️packages/🦀️rust/Cargo.toml
fontique	runtime	1	✏️s/🔌️plugins/📏️layout/📦️packages/🦀️rust/Cargo.toml
futures-util	runtime	1	🧰️framework/🛍️products/💻️os/📦️packages/🦀️rust/Cargo.toml
geo	runtime	1	🧰️framework/🔨️modules/◻2d/📦️packages/🦀️rust/Cargo.toml
libc	runtime	1	🧰️framework/🔨️modules/🖱️ui/📦️packages/🦀️rust/Cargo.toml
naga	test	1	🧰️framework/🔨️modules/🖱️ui/🖼️render/📦️packages/🦀️rust/Cargo.toml
nalgebra	runtime	1	✏️s/🔌️plugins/🧩️puzzle/📦️packages/🦀️rust/Cargo.toml
notify	runtime	1	🧰️framework/🛍️products/💻️os/📦️packages/🦀️rust/Cargo.toml
objc2	runtime	1	🧰️framework/🔨️modules/🖱️ui/🖼️render/🎯️targets/🍎️metal/📦️packages/🦀️rust/Cargo.toml
objc2-core-foundation	runtime	1	🧰️framework/🔨️modules/🖱️ui/🖼️render/🎯️targets/🍎️metal/📦️packages/🦀️rust/Cargo.toml
objc2-foundation	runtime	1	🧰️framework/🔨️modules/🖱️ui/🖼️render/🎯️targets/🍎️metal/📦️packages/🦀️rust/Cargo.toml
objc2-metal	runtime	1	🧰️framework/🔨️modules/🖱️ui/🖼️render/🎯️targets/🍎️metal/📦️packages/🦀️rust/Cargo.toml
objc2-quartz-core	runtime	1	🧰️framework/🔨️modules/🖱️ui/🖼️render/🎯️targets/🍎️metal/📦️packages/🦀️rust/Cargo.toml
parry3d	runtime	1	✏️s/🔌️plugins/🧩️puzzle/📦️packages/🦀️rust/Cargo.toml
prost	runtime	1	🧰️framework/🔨️modules/🗺️surface/📦️packages/🦀️rust/Cargo.toml
rfd	runtime	1	🧰️framework/🛍️products/💻️os/🔨️modules/📺️renderer/🧑️‍🎨️engine/📦️packages/🦀️rust/🎯️targets/🧊️wgpu/Cargo.toml
rustybuzz	runtime	1	🧰️framework/🔨️modules/📚️compiler/📦️packages/🦀️rust/Cargo.toml
spade	runtime	1	✏️s/🔌️plugins/🏗️fem/📦️packages/🦀️rust/Cargo.toml
sqlx	runtime	1	🧰️framework/🛍️products/💻️os/🔨️modules/🛢️db/📦️packages/🦀️rust/Cargo.toml
sqlx_core	runtime	1	🌎️hub/📦️packages/🦀️rust/Cargo.toml
sqlx_postgres	runtime	1	🌎️hub/📦️packages/🦀️rust/Cargo.toml
testcontainers-modules	test	1	🌎️hub/📦️packages/🦀️rust/Cargo.toml
tower	test	1	🧰️framework/🛍️products/💻️os/🔨️modules/🌉️mcp/📦️packages/🦀️rust/Cargo.toml
vello_encoding	runtime	1	🧰️framework/🛍️products/💻️os/🔨️modules/♾️infinite/📦️packages/🦀️rust/Cargo.toml
vello_svg	runtime	1	🧰️framework/🛍️products/💻️os/🔨️modules/♾️infinite/📦️packages/🦀️rust/Cargo.toml
windows	runtime	1	🧰️framework/🔨️modules/🖱️ui/🖼️render/🎯️targets/🪟️d3d12/📦️packages/🦀️rust/Cargo.toml
windows-sys	runtime	1	🧰️framework/🔨️modules/🖱️ui/📦️packages/🦀️rust/Cargo.toml
wit-parser	test	1	🧰️framework/🛍️products/💻️os/🔨️modules/🔌️plugin/🖥️host/📦️packages/🦀️rust/Cargo.toml
zlib-rs	test	1	✏️s/🔌️plugins/🗄️stdio/📦️packages/🦀️rust/Cargo.toml
zopfli	test	1	✏️s/🔌️plugins/🗄️stdio/📦️packages/🦀️rust/Cargo.toml
arboard	runtime	2	🧰️framework/🔨️modules/🖱️ui/📦️packages/🦀️rust/Cargo.toml | 🧰️framework/🔨️modules/🖱️ui/🖥️host/📦️packages/🦀️rust/Cargo.toml
flate2	runtime	2	Cargo.toml | ✏️s/🔌️plugins/🗄️stdio/📦️packages/🦀️rust/Cargo.toml
fontdb	runtime	2	✏️s/🔌️plugins/🎞️animate/📦️packages/🦀️rust/Cargo.toml | 🧰️framework/🛍️products/💻️os/🔨️modules/♾️infinite/📦️packages/🦀️rust/Cargo.toml
gltf	runtime	2	🧰️framework/📦️packages/🦀️rust/Cargo.toml | 🧰️framework/🔨️modules/🔺️mesh-engine/📦️packages/🦀️rust/Cargo.toml
jsonschema	runtime,test	2	🧰️framework/🔨️modules/🧬️schema/📦️packages/🦀️rust/Cargo.toml | 🧰️framework/🛍️products/💻️os/🔨️modules/🌉️mcp/📦️packages/🦀️rust/Cargo.toml
kurbo	runtime	2	✏️s/🔌️plugins/🎞️animate/📦️packages/🦀️rust/Cargo.toml | 🧰️framework/🔨️modules/📐️geometry/📦️packages/🦀️rust/Cargo.toml
libz-sys	runtime	2	Cargo.toml | ✏️s/🔌️plugins/🗄️stdio/📦️packages/🦀️rust/Cargo.toml
neo4rs	runtime	2	🌎️hub/📦️packages/🦀️rust/Cargo.toml | 🧰️framework/🛍️products/💻️os/🔨️modules/🛢️db/📦️packages/🦀️rust/Cargo.toml
resvg	runtime	2	🧰️framework/🛍️products/💻️os/🔨️modules/📺️renderer/🧑️‍🎨️engine/📦️packages/🦀️rust/🎯️targets/🧊️wgpu/Cargo.toml | 🧰️framework/🛍️products/💻️os/🖥️host/📦️packages/🦀️rust/Cargo.toml
rusqlite	runtime	2	🌎️hub/📦️packages/🦀️rust/Cargo.toml | 🧰️framework/🛍️products/💻️os/🔨️modules/🛢️db/📦️packages/🦀️rust/Cargo.toml
schemars	runtime	2	🧰️framework/🛍️products/💻️os/🔨️modules/🌉️mcp/📦️packages/🦀️rust/Cargo.toml | 🧰️framework/🛍️products/💻️os/🔨️modules/🖥️shell/📦️packages/🦀️rust/Cargo.toml
taffy	runtime	2	🧰️framework/🔨️modules/🖱️ui/📦️packages/🦀️rust/Cargo.toml | 🧰️framework/🔨️modules/🖱️ui/🖼️render/📦️packages/🦀️rust/Cargo.toml
tiny-skia	runtime	2	🧰️framework/🛍️products/💻️os/🔨️modules/📺️renderer/🧑️‍🎨️engine/📦️packages/🦀️rust/🎯️targets/🧊️wgpu/Cargo.toml | 🧰️framework/🛍️products/💻️os/🖥️host/📦️packages/🦀️rust/Cargo.toml
typst	runtime	2	✏️s/🔌️plugins/🎞️animate/📦️packages/🦀️rust/Cargo.toml | 🧰️framework/🛍️products/💻️os/🔨️modules/♾️infinite/📦️packages/🦀️rust/Cargo.toml
typst-assets	runtime	2	✏️s/🔌️plugins/🎞️animate/📦️packages/🦀️rust/Cargo.toml | 🧰️framework/🛍️products/💻️os/🔨️modules/♾️infinite/📦️packages/🦀️rust/Cargo.toml
typst-svg	runtime	2	✏️s/🔌️plugins/🎞️animate/📦️packages/🦀️rust/Cargo.toml | 🧰️framework/🛍️products/💻️os/🔨️modules/♾️infinite/📦️packages/🦀️rust/Cargo.toml
wasmtime	runtime	2	🧰️framework/🛍️products/💻️os/🔨️modules/🔌️plugin/📇️describe/📦️packages/🦀️rust/Cargo.toml | 🧰️framework/🛍️products/💻️os/🔨️modules/🔌️plugin/🖥️host/📦️packages/🦀️rust/Cargo.toml
wasmtime-wasi	runtime	2	🧰️framework/🛍️products/💻️os/🔨️modules/🔌️plugin/📇️describe/📦️packages/🦀️rust/Cargo.toml | 🧰️framework/🛍️products/💻️os/🔨️modules/🔌️plugin/🖥️host/📦️packages/🦀️rust/Cargo.toml
axum	runtime	3	🌎️hub/📦️packages/🦀️rust/Cargo.toml | 🧰️framework/🛍️products/💻️os/🔨️modules/🌉️mcp/📦️packages/🦀️rust/Cargo.toml | 🧰️framework/🛍️products/🖥️server/📦️packages/🦀️rust/Cargo.toml
futures	runtime	3	🌎️hub/📦️packages/🦀️rust/Cargo.toml | 🧰️framework/🛍️products/💻️os/🔨️modules/🌉️mcp/📦️packages/🦀️rust/Cargo.toml | 🧰️framework/🛍️products/🖥️server/📦️packages/🦀️rust/Cargo.toml
getrandom	runtime	3	✏️s/🔌️plugins/📐️cad/📦️packages/🦀️rust/Cargo.toml | 🧰️framework/🛍️products/💻️os/🔨️modules/🌊️flow/📦️packages/🦀️rust/Cargo.toml | 🧰️framework/🛍️products/💻️os/🔨️modules/📺️renderer/🧑️‍🎨️engine/📦️packages/🦀️rust/🎯️targets/🧊️wgpu/Cargo.toml
miniz_oxide	runtime,test	3	✏️s/🔌️plugins/🗄️stdio/📦️packages/🦀️rust/Cargo.toml | 🧰️framework/🔨️modules/📡️replication/📦️packages/🦀️rust/Cargo.toml | 🧰️framework/🛍️products/💻️os/📦️packages/🦀️rust/Cargo.toml
parley	runtime	3	✏️s/🔌️plugins/📏️layout/📦️packages/🦀️rust/Cargo.toml | 🧰️framework/🔨️modules/🖱️ui/📦️packages/🦀️rust/Cargo.toml | 🧰️framework/🔨️modules/🖱️ui/🖼️render/📦️packages/🦀️rust/Cargo.toml
swash	runtime	3	✏️s/🔌️plugins/📏️layout/📦️packages/🦀️rust/Cargo.toml | 🧰️framework/🔨️modules/🖱️ui/📦️packages/🦀️rust/Cargo.toml | 🧰️framework/🔨️modules/🖱️ui/🖼️render/📦️packages/🦀️rust/Cargo.toml
tokio-tungstenite	runtime,test	3	🌎️hub/📦️packages/🦀️rust/Cargo.toml | 🧰️framework/🛍️products/💻️os/📦️packages/🦀️rust/Cargo.toml | 🧰️framework/🛍️products/💻️os/🔨️modules/🌉️mcp/📦️packages/🦀️rust/Cargo.toml
ureq	runtime	3	🧰️framework/🔨️modules/🎒️pack/📦️packages/🦀️rust/Cargo.toml | 🧰️framework/🛍️products/💻️os/📦️packages/🦀️rust/Cargo.toml | 🧰️framework/🛍️products/💻️os/🔨️modules/📺️renderer/🧑️‍🎨️engine/📦️packages/🦀️rust/🎯️targets/🧊️wgpu/Cargo.toml
usvg	runtime	3	✏️s/🔌️plugins/🎞️animate/📦️packages/🦀️rust/Cargo.toml | 🧰️framework/🛍️products/💻️os/🔨️modules/📺️renderer/🧑️‍🎨️engine/📦️packages/🦀️rust/🎯️targets/🧊️wgpu/Cargo.toml | 🧰️framework/🛍️products/💻️os/🖥️host/📦️packages/🦀️rust/Cargo.toml
vello	runtime	3	✏️s/🔌️plugins/🎞️animate/📦️packages/🦀️rust/Cargo.toml | 🧰️framework/🛍️products/💻️os/🔨️modules/♾️infinite/📦️packages/🦀️rust/Cargo.toml | 🧰️framework/🛍️products/💻️os/🔨️modules/📺️renderer/🧑️‍🎨️engine/📦️packages/🦀️rust/🎯️targets/🧊️wgpu/Cargo.toml
wgpu	runtime	3	✏️s/🔌️plugins/🎞️animate/📦️packages/🦀️rust/Cargo.toml | 🧰️framework/🔨️modules/🖱️ui/📦️packages/🦀️rust/Cargo.toml | 🧰️framework/🔨️modules/🖱️ui/🖼️render/🎯️targets/🧊️webgpu/📦️packages/🦀️rust/Cargo.toml
winit	runtime	3	🧰️framework/🔨️modules/🖱️ui/📦️packages/🦀️rust/Cargo.toml | 🧰️framework/🔨️modules/🖱️ui/🖥️host/📦️packages/🦀️rust/Cargo.toml | 🧰️framework/🛍️products/💻️os/🔨️modules/📺️renderer/🧑️‍🎨️engine/📦️packages/🦀️rust/🎯️targets/🧊️wgpu/Cargo.toml
wit-bindgen	runtime	3	🧰️framework/🛍️products/💻️os/🔨️modules/🔌️plugin/📦️packages/🦀️rust/Cargo.toml | 🧰️framework/🛍️products/💻️os/🧫️fixtures/🔌️jcoprobe/👽️guest/Cargo.toml | 🧰️framework/🛍️products/💻️os/🧫️fixtures/🔌️scale/📦️packages/🦀️rust/Cargo.toml
zip	runtime	3	✏️s/🔌️plugins/📏️layout/📦️packages/🦀️rust/Cargo.toml | 🧰️framework/🛍️products/💻️os/📦️packages/🦀️rust/Cargo.toml | 🧰️framework/🛍️products/💻️os/🖥️host/📦️packages/🦀️rust/Cargo.toml
png	runtime	4	✏️s/🔌️plugins/💠️lowpoly/📦️packages/🦀️rust/Cargo.toml | ✏️s/🔌️plugins/📏️layout/📦️packages/🦀️rust/Cargo.toml | ✏️s/🔌️plugins/📸️remodel/📦️packages/🦀️rust/Cargo.toml | 🧰️framework/🛍️products/💻️os/🖥️host/📦️packages/🦀️rust/Cargo.toml
raw-window-handle	runtime	4	🧰️framework/🔨️modules/🖱️ui/🖥️host/📦️packages/🦀️rust/Cargo.toml | 🧰️framework/🔨️modules/🖱️ui/🖼️render/🎯️targets/🌋️vulkan/📦️packages/🦀️rust/Cargo.toml | 🧰️framework/🔨️modules/🖱️ui/🖼️render/🎯️targets/🍎️metal/📦️packages/🦀️rust/Cargo.toml | 🧰️framework/🔨️modules/🖱️ui/🖼️render/🎯️targets/🪟️d3d12/📦️packages/🦀️rust/Cargo.toml
serde-wasm-bindgen	runtime	5	✏️s/🔌️plugins/📏️layout/📦️packages/🦀️rust/Cargo.toml | 🧰️framework/🔨️modules/🗺️surface/📦️packages/🦀️rust/Cargo.toml | 🧰️framework/🛍️products/💻️os/📦️packages/🦀️rust/Cargo.toml | 🧰️framework/🛍️products/💻️os/🔨️modules/🌊️flow/📦️packages/🦀️rust/Cargo.toml | 🧰️framework/🛍️products/💻️os/🖥️host/📦️packages/🦀️rust/Cargo.toml
bytemuck	runtime	6	🧰️framework/🔨️modules/🖱️ui/📦️packages/🦀️rust/Cargo.toml | 🧰️framework/🔨️modules/🖱️ui/🖼️render/🎯️targets/🌋️vulkan/📦️packages/🦀️rust/Cargo.toml | 🧰️framework/🔨️modules/🖱️ui/🖼️render/🎯️targets/🍎️metal/📦️packages/🦀️rust/Cargo.toml | 🧰️framework/🔨️modules/🖱️ui/🖼️render/🎯️targets/🧊️webgpu/📦️packages/🦀️rust/Cargo.toml | 🧰️framework/🔨️modules/🖱️ui/🖼️render/🎯️targets/🪟️d3d12/📦️packages/🦀️rust/Cargo.toml | 🧰️framework/🔨️modules/🖱️ui/🖼️render/📦️packages/🦀️rust/Cargo.toml
image	runtime	6	✏️s/🔌️plugins/🎞️animate/📦️packages/🦀️rust/Cargo.toml | ✏️s/🔌️plugins/📏️layout/📦️packages/🦀️rust/Cargo.toml | ✏️s/🔌️plugins/🖍️draw/📦️packages/🦀️rust/Cargo.toml | 🧰️framework/🔨️modules/🗺️surface/📦️packages/🦀️rust/Cargo.toml | 🧰️framework/🛍️products/💻️os/🔨️modules/♾️infinite/📦️packages/🦀️rust/Cargo.toml | 🧰️framework/🛍️products/💻️os/🔨️modules/📺️renderer/🧑️‍🎨️engine/📦️packages/🦀️rust/🎯️targets/🧊️wgpu/Cargo.toml
proc-macro2	runtime	6	✏️s/🔌️plugins/🖍️draw/🗿️artifacts/🖍️draw/🏅️standards/🔖️1/🪆️subsets/✳️any/✏️editor/🎮️commands/🖱️canvas-pointer-down/🔄️fsm/✨️macros/📦️packages/🦀️rust/Cargo.toml | 🧰️framework/🔨️modules/⏳️async/✨️macros/📦️packages/🦀️rust/Cargo.toml | 🧰️framework/🔨️modules/🔀️dispatch/📦️packages/🦀️rust/Cargo.toml | 🧰️framework/🔨️modules/🔄️machine/✨️derive/📦️packages/🦀️rust/Cargo.toml | 🧰️framework/🔨️modules/🧬️schema/✨️derive/📦️packages/🦀️rust/Cargo.toml | 🧰️framework/🛍️products/💻️os/🔨️modules/🗣️dsl/✨️derive/📦️packages/🦀️rust/Cargo.toml
quote	runtime	6	✏️s/🔌️plugins/🖍️draw/🗿️artifacts/🖍️draw/🏅️standards/🔖️1/🪆️subsets/✳️any/✏️editor/🎮️commands/🖱️canvas-pointer-down/🔄️fsm/✨️macros/📦️packages/🦀️rust/Cargo.toml | 🧰️framework/🔨️modules/⏳️async/✨️macros/📦️packages/🦀️rust/Cargo.toml | 🧰️framework/🔨️modules/🔀️dispatch/📦️packages/🦀️rust/Cargo.toml | 🧰️framework/🔨️modules/🔄️machine/✨️derive/📦️packages/🦀️rust/Cargo.toml | 🧰️framework/🔨️modules/🧬️schema/✨️derive/📦️packages/🦀️rust/Cargo.toml | 🧰️framework/🛍️products/💻️os/🔨️modules/🗣️dsl/✨️derive/📦️packages/🦀️rust/Cargo.toml
syn	runtime	6	✏️s/🔌️plugins/🖍️draw/🗿️artifacts/🖍️draw/🏅️standards/🔖️1/🪆️subsets/✳️any/✏️editor/🎮️commands/🖱️canvas-pointer-down/🔄️fsm/✨️macros/📦️packages/🦀️rust/Cargo.toml | 🧰️framework/🔨️modules/⏳️async/✨️macros/📦️packages/🦀️rust/Cargo.toml | 🧰️framework/🔨️modules/🔀️dispatch/📦️packages/🦀️rust/Cargo.toml | 🧰️framework/🔨️modules/🔄️machine/✨️derive/📦️packages/🦀️rust/Cargo.toml | 🧰️framework/🔨️modules/🧬️schema/✨️derive/📦️packages/🦀️rust/Cargo.toml | 🧰️framework/🛍️products/💻️os/🔨️modules/🗣️dsl/✨️derive/📦️packages/🦀️rust/Cargo.toml
tokio	runtime,test	9	Cargo.toml | 🌎️hub/📦️packages/🦀️rust/Cargo.toml | 🧰️framework/🛍️products/💻️os/📦️packages/🦀️rust/Cargo.toml | 🧰️framework/🛍️products/💻️os/🔨️modules/🌉️mcp/📦️packages/🦀️rust/Cargo.toml | 🧰️framework/🛍️products/💻️os/🔨️modules/📺️renderer/🧑️‍🎨️engine/📦️packages/🦀️rust/🎯️targets/🧊️wgpu/Cargo.toml | 🧰️framework/🛍️products/💻️os/🔨️modules/🔌️plugin/🖥️host/📦️packages/🦀️rust/Cargo.toml | 🧰️framework/🛍️products/💻️os/🔨️modules/🛎️services/📦️packages/🦀️rust/Cargo.toml | 🧰️framework/🛍️products/💻️os/🖥️host/📦️packages/🦀️rust/Cargo.toml | 🧰️framework/🛍️products/🖥️server/📦️packages/🦀️rust/Cargo.toml
web-sys	runtime	13	✏️s/🔌️plugins/🎬️sequence/📦️packages/🦀️rust/Cargo.toml | ✏️s/🔌️plugins/📏️layout/📦️packages/🦀️rust/Cargo.toml | ✏️s/🔌️plugins/🔱️trinity/📦️packages/🦀️rust/Cargo.toml | ✏️s/🔌️plugins/🧩️puzzle/📦️packages/🦀️rust/Cargo.toml | 🧰️framework/🔨️modules/✍️editor/📦️packages/🦀️rust/Cargo.toml | 🧰️framework/🔨️modules/🖱️ui/📦️packages/🦀️rust/Cargo.toml | 🧰️framework/🔨️modules/🖱️ui/🖥️host/📦️packages/🦀️rust/Cargo.toml | 🧰️framework/🔨️modules/🖱️ui/🖼️render/🎯️targets/🧊️webgpu/📦️packages/🦀️rust/Cargo.toml | 🧰️framework/🔨️modules/🗺️surface/📦️packages/🦀️rust/Cargo.toml | 🧰️framework/🛍️products/💻️os/📦️packages/🦀️rust/Cargo.toml | 🧰️framework/🛍️products/💻️os/🔨️modules/♾️infinite/📦️packages/🦀️rust/Cargo.toml | 🧰️framework/🛍️products/💻️os/🔨️modules/🌊️flow/📦️packages/🦀️rust/Cargo.toml | 🧰️framework/🛍️products/💻️os/🔨️modules/📺️renderer/🧑️‍🎨️engine/📦️packages/🦀️rust/🎯️targets/🧊️wgpu/Cargo.toml
js-sys	runtime	14	✏️s/🔌️plugins/🎬️sequence/📦️packages/🦀️rust/Cargo.toml | ✏️s/🔌️plugins/📏️layout/📦️packages/🦀️rust/Cargo.toml | ✏️s/🔌️plugins/🔱️trinity/📦️packages/🦀️rust/Cargo.toml | ✏️s/🔌️plugins/🖍️draw/🗿️artifacts/🖍️draw/🏅️standards/🔖️1/🪆️subsets/✳️any/✏️editor/🎮️commands/🖱️canvas-pointer-down/🔄️fsm/📦️packages/🦀️rust/Cargo.toml | ✏️s/🔌️plugins/🧩️puzzle/📦️packages/🦀️rust/Cargo.toml | 🧰️framework/🔨️modules/✍️editor/📦️packages/🦀️rust/Cargo.toml | 🧰️framework/🔨️modules/🔄️machine/📦️packages/🦀️rust/Cargo.toml | 🧰️framework/🔨️modules/🖱️ui/📦️packages/🦀️rust/Cargo.toml | 🧰️framework/🔨️modules/🖱️ui/🖥️host/📦️packages/🦀️rust/Cargo.toml | 🧰️framework/🔨️modules/🗺️surface/📦️packages/🦀️rust/Cargo.toml | 🧰️framework/🛍️products/💻️os/📦️packages/🦀️rust/Cargo.toml | 🧰️framework/🛍️products/💻️os/🔨️modules/♾️infinite/📦️packages/🦀️rust/Cargo.toml | 🧰️framework/🛍️products/💻️os/🔨️modules/🌊️flow/📦️packages/🦀️rust/Cargo.toml | 🧰️framework/🛍️products/💻️os/🔨️modules/📺️renderer/🧑️‍🎨️engine/📦️packages/🦀️rust/🎯️targets/🧊️wgpu/Cargo.toml
wasm-bindgen-futures	runtime	14	✏️s/🔌️plugins/🎬️sequence/📦️packages/🦀️rust/Cargo.toml | ✏️s/🔌️plugins/📏️layout/📦️packages/🦀️rust/Cargo.toml | ✏️s/🔌️plugins/🔱️trinity/📦️packages/🦀️rust/Cargo.toml | ✏️s/🔌️plugins/🖍️draw/🗿️artifacts/🖍️draw/🏅️standards/🔖️1/🪆️subsets/✳️any/✏️editor/🎮️commands/🖱️canvas-pointer-down/🔄️fsm/📦️packages/🦀️rust/Cargo.toml | ✏️s/🔌️plugins/🧩️puzzle/📦️packages/🦀️rust/Cargo.toml | 🧰️framework/🔨️modules/✍️editor/📦️packages/🦀️rust/Cargo.toml | 🧰️framework/🔨️modules/🎭️actor/📦️packages/🦀️rust/Cargo.toml | 🧰️framework/🔨️modules/🖱️ui/📦️packages/🦀️rust/Cargo.toml | 🧰️framework/🔨️modules/🖱️ui/🖥️host/📦️packages/🦀️rust/Cargo.toml | 🧰️framework/🔨️modules/🗺️surface/📦️packages/🦀️rust/Cargo.toml | 🧰️framework/🛍️products/💻️os/📦️packages/🦀️rust/Cargo.toml | 🧰️framework/🛍️products/💻️os/🔨️modules/♾️infinite/📦️packages/🦀️rust/Cargo.toml | 🧰️framework/🛍️products/💻️os/🔨️modules/🌊️flow/📦️packages/🦀️rust/Cargo.toml | 🧰️framework/🛍️products/💻️os/🔨️modules/📺️renderer/🧑️‍🎨️engine/📦️packages/🦀️rust/🎯️targets/🧊️wgpu/Cargo.toml
blake3	runtime	17	✏️s/🔌️plugins/🎞️animate/📦️packages/🦀️rust/Cargo.toml | ✏️s/🔌️plugins/🏛️architect/📦️packages/🦀️rust/Cargo.toml | ✏️s/🔌️plugins/🏭️process/📦️packages/🦀️rust/Cargo.toml | ✏️s/🔌️plugins/📋️forms/📦️packages/🦀️rust/Cargo.toml | ✏️s/🔌️plugins/🖨️raster/📦️packages/🦀️rust/Cargo.toml | ✏️s/🔌️plugins/🗄️stdio/📦️packages/🦀️rust/Cargo.toml | ✏️s/🔌️plugins/🗒️note/📦️packages/🦀️rust/Cargo.toml | ✏️s/🔌️plugins/🧩️puzzle/📦️packages/🦀️rust/Cargo.toml | 🧰️framework/🔨️modules/#⃣hash/📦️packages/🦀️rust/Cargo.toml | 🧰️framework/🔨️modules/◻2d/📦️packages/🦀️rust/Cargo.toml | 🧰️framework/🔨️modules/🎒️pack/📦️packages/🦀️rust/Cargo.toml | 🧰️framework/🔨️modules/📡️replication/📦️packages/🦀️rust/Cargo.toml | 🧰️framework/🛍️products/💻️os/📦️packages/🦀️rust/Cargo.toml | 🧰️framework/🛍️products/💻️os/🔨️modules/🌉️mcp/📦️packages/🦀️rust/Cargo.toml | 🧰️framework/🛍️products/💻️os/🔨️modules/📺️renderer/🧑️‍🎨️engine/📦️packages/🦀️rust/🎯️targets/🧊️wgpu/Cargo.toml | 🧰️framework/🛍️products/💻️os/🔨️modules/🔌️plugin/🖥️host/📦️packages/🦀️rust/Cargo.toml | 🧰️framework/🛍️products/💻️os/🔨️modules/🛢️db/📦️packages/🦀️rust/Cargo.toml
base64	runtime	19	✏️s/🔌️plugins/🌊️flow/🧩️extensions/📐️brep/📦️packages/🦀️rust/Cargo.toml | ✏️s/🔌️plugins/🎞️animate/📦️packages/🦀️rust/Cargo.toml | ✏️s/🔌️plugins/🏭️process/📦️packages/🦀️rust/Cargo.toml | ✏️s/🔌️plugins/💠️lowpoly/📦️packages/🦀️rust/Cargo.toml | ✏️s/🔌️plugins/📏️layout/📦️packages/🦀️rust/Cargo.toml | ✏️s/🔌️plugins/📐️cad/📦️packages/🦀️rust/Cargo.toml | ✏️s/🔌️plugins/📸️remodel/📦️packages/🦀️rust/Cargo.toml | ✏️s/🔌️plugins/🖍️draw/📦️packages/🦀️rust/Cargo.toml | ✏️s/🔌️plugins/🖨️raster/📦️packages/🦀️rust/Cargo.toml | ✏️s/🔌️plugins/🗄️stdio/📦️packages/🦀️rust/Cargo.toml | ✏️s/🔌️plugins/🪐️space/📦️packages/🦀️rust/Cargo.toml | 🧰️framework/🔨️modules/📚️compiler/📦️packages/🦀️rust/Cargo.toml | 🧰️framework/🔨️modules/📡️replication/📦️packages/🦀️rust/Cargo.toml | 🧰️framework/🛍️products/💻️os/📦️packages/🦀️rust/Cargo.toml | 🧰️framework/🛍️products/💻️os/🔨️modules/♾️infinite/📦️packages/🦀️rust/Cargo.toml | 🧰️framework/🛍️products/💻️os/🔨️modules/🌊️flow/📦️packages/🦀️rust/Cargo.toml | 🧰️framework/🛍️products/💻️os/🔨️modules/📺️renderer/🧑️‍🎨️engine/📦️packages/🦀️rust/🎯️targets/🧊️wgpu/Cargo.toml | 🧰️framework/🛍️products/💻️os/🔨️modules/🛢️db/📦️packages/🦀️rust/Cargo.toml | 🧰️framework/🛍️products/💻️os/🖥️host/📦️packages/🦀️rust/Cargo.toml
wasm-bindgen	runtime	50	Cargo.toml | ✏️s/🔌️plugins/✒️writer/📦️packages/🦀️rust/Cargo.toml | ✏️s/🔌️plugins/🌀️procedural/📦️packages/🦀️rust/Cargo.toml | ✏️s/🔌️plugins/🌍️gis/📦️packages/🦀️rust/Cargo.toml | ✏️s/🔌️plugins/🎞️animate/📦️packages/🦀️rust/Cargo.toml | ✏️s/🔌️plugins/🎥️shooting/📦️packages/🦀️rust/Cargo.toml | ✏️s/🔌️plugins/🎬️sequence/📦️packages/🦀️rust/Cargo.toml | ✏️s/🔌️plugins/🏗️fem/📦️packages/🦀️rust/Cargo.toml | ✏️s/🔌️plugins/🏭️process/📦️packages/🦀️rust/Cargo.toml | ✏️s/🔌️plugins/🏭️process/🧩️extensions/🔩️metal/📦️packages/🦀️rust/Cargo.toml | ✏️s/🔌️plugins/🏭️process/🧩️extensions/🤖️robotic/📦️packages/🦀️rust/Cargo.toml | ✏️s/🔌️plugins/🏭️process/🧩️extensions/🧱️concrete/📦️packages/🦀️rust/Cargo.toml | ✏️s/🔌️plugins/🏭️process/🧩️extensions/🪵️wood/📦️packages/🦀️rust/Cargo.toml | ✏️s/🔌️plugins/📏️layout/📦️packages/🦀️rust/Cargo.toml | ✏️s/🔌️plugins/📐️cad/📦️packages/🦀️rust/Cargo.toml | ✏️s/🔌️plugins/📐️cad/🧩️extensions/🏛️aec-building-structure/📦️packages/🦀️rust/Cargo.toml | ✏️s/🔌️plugins/📐️cad/🧩️extensions/🏢️aec-building/📦️packages/🦀️rust/Cargo.toml | ✏️s/🔌️plugins/📐️cad/🧩️extensions/📐️spatial-shape/📦️packages/🦀️rust/Cargo.toml | ✏️s/🔌️plugins/📐️cad/🧩️extensions/🔥️aec-building-energy/📦️packages/🦀️rust/Cargo.toml | ✏️s/🔌️plugins/📜️imperative/📦️packages/🦀️rust/Cargo.toml | ✏️s/🔌️plugins/📜️imperative/🧩️extensions/🎮️control/📦️packages/🦀️rust/Cargo.toml | ✏️s/🔌️plugins/📜️imperative/🧩️extensions/📝️text/📦️packages/🦀️rust/Cargo.toml | ✏️s/🔌️plugins/📜️imperative/🧩️extensions/📣️effect/📦️packages/🦀️rust/Cargo.toml | ✏️s/🔌️plugins/📜️imperative/🧩️extensions/🧠️logic/📦️packages/🦀️rust/Cargo.toml | ✏️s/🔌️plugins/📜️imperative/🧩️extensions/🧮️math/📦️packages/🦀️rust/Cargo.toml | ✏️s/🔌️plugins/🔱️trinity/📦️packages/🦀️rust/Cargo.toml | ✏️s/🔌️plugins/🔱️trinity/🔨️modules/🔌️jack/🧠️lsp/📦️packages/🦀️rust/Cargo.toml | ✏️s/🔌️plugins/🖍️draw/📦️packages/🦀️rust/Cargo.toml | ✏️s/🔌️plugins/🖍️draw/🗿️artifacts/🖍️draw/🏅️standards/🔖️1/🪆️subsets/✳️any/✏️editor/🎮️commands/🖱️canvas-pointer-down/🔄️fsm/📦️packages/🦀️rust/Cargo.toml | ✏️s/🔌️plugins/🖨️raster/📦️packages/🦀️rust/Cargo.toml | ✏️s/🔌️plugins/🗒️note/📦️packages/🦀️rust/Cargo.toml | ✏️s/🔌️plugins/🧩️puzzle/📦️packages/🦀️rust/Cargo.toml | ✏️s/🔌️plugins/🪵️sourcing/📦️packages/🦀️rust/Cargo.toml | ✏️s/🔌️plugins/🪵️sourcing/🧩️extensions/🧱️slabs/📦️packages/🦀️rust/Cargo.toml | ✏️s/🔌️plugins/🪵️sourcing/🧩️extensions/🪟️windows/📦️packages/🦀️rust/Cargo.toml | ✏️s/🔌️plugins/🪵️sourcing/🧩️extensions/🪵️beams/📦️packages/🦀️rust/Cargo.toml | 🧰️framework/🔨️modules/✍️editor/📦️packages/🦀️rust/Cargo.toml | 🧰️framework/🔨️modules/🎭️actor/📦️packages/🦀️rust/Cargo.toml | 🧰️framework/🔨️modules/📡️replication/📦️packages/🦀️rust/Cargo.toml | 🧰️framework/🔨️modules/🔄️machine/📦️packages/🦀️rust/Cargo.toml | 🧰️framework/🔨️modules/🖱️ui/📦️packages/🦀️rust/Cargo.toml | 🧰️framework/🔨️modules/🖱️ui/🖥️host/📦️packages/🦀️rust/Cargo.toml | 🧰️framework/🔨️modules/🖱️ui/🖼️render/🎯️targets/🧊️webgpu/📦️packages/🦀️rust/Cargo.toml | 🧰️framework/🔨️modules/🗺️surface/📦️packages/🦀️rust/Cargo.toml | 🧰️framework/🔨️modules/🧮️math/📦️packages/🦀️rust/Cargo.toml | 🧰️framework/🛍️products/💻️os/📦️packages/🦀️rust/Cargo.toml | 🧰️framework/🛍️products/💻️os/🔨️modules/♾️infinite/📦️packages/🦀️rust/Cargo.toml | 🧰️framework/🛍️products/💻️os/🔨️modules/🌊️flow/📦️packages/🦀️rust/Cargo.toml | 🧰️framework/🛍️products/💻️os/🔨️modules/📺️renderer/🧑️‍🎨️engine/📦️packages/🦀️rust/🎯️targets/🧊️wgpu/Cargo.toml | 🧰️framework/🛍️products/💻️os/🖥️host/📦️packages/🦀️rust/Cargo.toml
serde	build,runtime	83	Cargo.toml | ✏️s/🔌️plugins/✒️writer/📦️packages/🦀️rust/Cargo.toml | ✏️s/🔌️plugins/➗️mathematical/📦️packages/🦀️rust/Cargo.toml | ✏️s/🔌️plugins/🌀️procedural/📦️packages/🦀️rust/Cargo.toml | ✏️s/🔌️plugins/🌊️flow/📦️packages/🦀️rust/Cargo.toml | ✏️s/🔌️plugins/🌊️flow/🧩️extensions/🏗️bim/📦️packages/🦀️rust/Cargo.toml | ✏️s/🔌️plugins/🌊️flow/🧩️extensions/📃️list/📦️packages/🦀️rust/Cargo.toml | ✏️s/🔌️plugins/🌊️flow/🧩️extensions/📐️brep/📦️packages/🦀️rust/Cargo.toml | ✏️s/🔌️plugins/🌊️flow/🧩️extensions/📖️dictionary/📦️packages/🦀️rust/Cargo.toml | ✏️s/🔌️plugins/🌊️flow/🧩️extensions/📝️text/📦️packages/🦀️rust/Cargo.toml | ✏️s/🔌️plugins/🌊️flow/🧩️extensions/🔤️primitive/📦️packages/🦀️rust/Cargo.toml | ✏️s/🔌️plugins/🌊️flow/🧩️extensions/🖍️draw/📦️packages/🦀️rust/Cargo.toml | ✏️s/🔌️plugins/🌊️flow/🧩️extensions/🧠️logic/📦️packages/🦀️rust/Cargo.toml | ✏️s/🔌️plugins/🌊️flow/🧩️extensions/🧮️math/📦️packages/🦀️rust/Cargo.toml | ✏️s/🔌️plugins/🌍️gis/📦️packages/🦀️rust/Cargo.toml | ✏️s/🔌️plugins/🌿️vcs/📦️packages/🦀️rust/Cargo.toml | ✏️s/🔌️plugins/🎞️animate/📦️packages/🦀️rust/Cargo.toml | ✏️s/🔌️plugins/🎥️shooting/📦️packages/🦀️rust/Cargo.toml | ✏️s/🔌️plugins/🎪️demonstrator/📦️packages/🦀️rust/Cargo.toml | ✏️s/🔌️plugins/🎬️sequence/📦️packages/🦀️rust/Cargo.toml | ✏️s/🔌️plugins/🏗️fem/📦️packages/🦀️rust/Cargo.toml | ✏️s/🔌️plugins/🏛️architect/📦️packages/🦀️rust/Cargo.toml | ✏️s/🔌️plugins/🏭️process/📦️packages/🦀️rust/Cargo.toml | ✏️s/🔌️plugins/💠️lowpoly/📦️packages/🦀️rust/Cargo.toml | ✏️s/🔌️plugins/💡️reasoning/📦️packages/🦀️rust/Cargo.toml | ✏️s/🔌️plugins/📋️forms/📦️packages/🦀️rust/Cargo.toml | ✏️s/🔌️plugins/📏️layout/📦️packages/🦀️rust/Cargo.toml | ✏️s/🔌️plugins/📐️cad/📦️packages/🦀️rust/Cargo.toml | ✏️s/🔌️plugins/📐️cad/🧩️extensions/🏛️aec-building-structure/📦️packages/🦀️rust/Cargo.toml | ✏️s/🔌️plugins/📐️cad/🧩️extensions/🏢️aec-building/📦️packages/🦀️rust/Cargo.toml | ✏️s/🔌️plugins/📐️cad/🧩️extensions/📐️spatial-shape/📦️packages/🦀️rust/Cargo.toml | ✏️s/🔌️plugins/📐️cad/🧩️extensions/🔥️aec-building-energy/📦️packages/🦀️rust/Cargo.toml | ✏️s/🔌️plugins/📕️norm/📦️packages/🦀️rust/Cargo.toml | ✏️s/🔌️plugins/📖️playbook/📦️packages/🦀️rust/Cargo.toml | ✏️s/🔌️plugins/📖️playbook/🧩️extensions/🌀️procedural/📦️packages/🦀️rust/Cargo.toml | ✏️s/🔌️plugins/📜️imperative/📦️packages/🦀️rust/Cargo.toml | ✏️s/🔌️plugins/📸️remodel/📦️packages/🦀️rust/Cargo.toml | ✏️s/🔌️plugins/🔋️energy/📦️packages/🦀️rust/Cargo.toml | ✏️s/🔌️plugins/🔱️trinity/📦️packages/🦀️rust/Cargo.toml | ✏️s/🔌️plugins/🕸️dag/📦️packages/🦀️rust/Cargo.toml | ✏️s/🔌️plugins/🖍️draw/📦️packages/🦀️rust/Cargo.toml | ✏️s/🔌️plugins/🖍️draw/🗿️artifacts/🖍️draw/🏅️standards/🔖️1/🪆️subsets/✳️any/✏️editor/🎮️commands/🖱️canvas-pointer-down/🔄️fsm/📦️packages/🦀️rust/Cargo.toml | ✏️s/🔌️plugins/🖨️raster/📦️packages/🦀️rust/Cargo.toml | ✏️s/🔌️plugins/🗄️stdio/📦️packages/🦀️rust/Cargo.toml | ✏️s/🔌️plugins/🗒️note/📦️packages/🦀️rust/Cargo.toml | ✏️s/🔌️plugins/🧩️puzzle/📦️packages/🦀️rust/Cargo.toml | ✏️s/🔌️plugins/🧱️block/📦️packages/🦀️rust/Cargo.toml | ✏️s/🔌️plugins/🪐️space/📦️packages/🦀️rust/Cargo.toml | ✏️s/🔌️plugins/🪵️sourcing/📦️packages/🦀️rust/Cargo.toml | ✏️s/🔨️modules/📜️imperative/📦️packages/🦀️rust/Cargo.toml | ✏️s/🔨️modules/📜️imperative/🧩️extension_sdk/📦️packages/🦀️rust/Cargo.toml | 🌎️hub/📦️packages/🦀️rust/Cargo.toml | 🧰️framework/📦️packages/🦀️rust/Cargo.toml | 🧰️framework/🔨️modules/⏳️async/📦️packages/🦀️rust/Cargo.toml | 🧰️framework/🔨️modules/◻2d/📦️packages/🦀️rust/Cargo.toml | 🧰️framework/🔨️modules/✍️editor/📦️packages/🦀️rust/Cargo.toml | 🧰️framework/🔨️modules/🎭️actor/📦️packages/🦀️rust/Cargo.toml | 🧰️framework/🔨️modules/📐️geometry/📦️packages/🦀️rust/Cargo.toml | 🧰️framework/🔨️modules/📡️replication/📦️packages/🦀️rust/Cargo.toml | 🧰️framework/🔨️modules/🔄️machine/📦️packages/🦀️rust/Cargo.toml | 🧰️framework/🔨️modules/🔺️mesh-engine/📦️packages/🦀️rust/Cargo.toml | 🧰️framework/🔨️modules/🕸️graph/📦️packages/🦀️rust/Cargo.toml | 🧰️framework/🔨️modules/🖱️ui/🎬️scene/📦️packages/🦀️rust/Cargo.toml | 🧰️framework/🔨️modules/🖱️ui/📦️packages/🦀️rust/Cargo.toml | 🧰️framework/🔨️modules/🖱️ui/🧠️runtime/📦️packages/🦀️rust/Cargo.toml | 🧰️framework/🔨️modules/🖱️ui/🧬️contract/📦️packages/🦀️rust/Cargo.toml | 🧰️framework/🔨️modules/🗺️surface/📦️packages/🦀️rust/Cargo.toml | 🧰️framework/🔨️modules/🧊️3d/📦️packages/🦀️rust/Cargo.toml | 🧰️framework/🛍️products/💻️os/📦️packages/🦀️rust/Cargo.toml | 🧰️framework/🛍️products/💻️os/🔨️modules/♾️infinite/📦️packages/🦀️rust/Cargo.toml | 🧰️framework/🛍️products/💻️os/🔨️modules/🌉️mcp/📦️packages/🦀️rust/Cargo.toml | 🧰️framework/🛍️products/💻️os/🔨️modules/🌊️flow/📦️packages/🦀️rust/Cargo.toml | 🧰️framework/🛍️products/💻️os/🔨️modules/🏃️run/📦️packages/🦀️rust/Cargo.toml | 🧰️framework/🛍️products/💻️os/🔨️modules/📺️renderer/🧑️‍🎨️engine/📦️packages/🦀️rust/🎯️targets/🧊️wgpu/Cargo.toml | 🧰️framework/🛍️products/💻️os/🔨️modules/🔌️plugin/📦️packages/🦀️rust/Cargo.toml | 🧰️framework/🛍️products/💻️os/🔨️modules/🔌️plugin/🖥️host/📦️packages/🦀️rust/Cargo.toml | 🧰️framework/🛍️products/💻️os/🔨️modules/🖥️shell/📦️packages/🦀️rust/Cargo.toml | 🧰️framework/🛍️products/💻️os/🔨️modules/🛢️db/📦️packages/🦀️rust/Cargo.toml | 🧰️framework/🛍️products/💻️os/🔨️modules/🧠️neural/⚙️engine/📦️packages/🦀️rust/Cargo.toml | 🧰️framework/🛍️products/💻️os/🖥️host/📦️packages/🦀️rust/Cargo.toml | 🧰️framework/🛍️products/💻️os/🧫️fixtures/🔌️scale/📦️packages/🦀️rust/Cargo.toml | 🧰️framework/🛍️products/🖥️server/📦️packages/🦀️rust/Cargo.toml | 🧰️framework/🛍️products/🦑️repo/🔨️modules/⌨️cli/📦️packages/🦀️rust/Cargo.toml
serde_json	build,runtime,test	95	Cargo.toml | ✏️s/🔌️plugins/✒️writer/📦️packages/🦀️rust/Cargo.toml | ✏️s/🔌️plugins/➗️mathematical/📦️packages/🦀️rust/Cargo.toml | ✏️s/🔌️plugins/🌀️procedural/📦️packages/🦀️rust/Cargo.toml | ✏️s/🔌️plugins/🌊️flow/📦️packages/🦀️rust/Cargo.toml | ✏️s/🔌️plugins/🌊️flow/🧩️extensions/🏗️bim/📦️packages/🦀️rust/Cargo.toml | ✏️s/🔌️plugins/🌊️flow/🧩️extensions/📃️list/📦️packages/🦀️rust/Cargo.toml | ✏️s/🔌️plugins/🌊️flow/🧩️extensions/📐️brep/📦️packages/🦀️rust/Cargo.toml | ✏️s/🔌️plugins/🌊️flow/🧩️extensions/📖️dictionary/📦️packages/🦀️rust/Cargo.toml | ✏️s/🔌️plugins/🌊️flow/🧩️extensions/📝️text/📦️packages/🦀️rust/Cargo.toml | ✏️s/🔌️plugins/🌊️flow/🧩️extensions/🔤️primitive/📦️packages/🦀️rust/Cargo.toml | ✏️s/🔌️plugins/🌊️flow/🧩️extensions/🖍️draw/📦️packages/🦀️rust/Cargo.toml | ✏️s/🔌️plugins/🌊️flow/🧩️extensions/🧠️logic/📦️packages/🦀️rust/Cargo.toml | ✏️s/🔌️plugins/🌊️flow/🧩️extensions/🧮️math/📦️packages/🦀️rust/Cargo.toml | ✏️s/🔌️plugins/🌍️gis/📦️packages/🦀️rust/Cargo.toml | ✏️s/🔌️plugins/🌿️vcs/📦️packages/🦀️rust/Cargo.toml | ✏️s/🔌️plugins/🎞️animate/📦️packages/🦀️rust/Cargo.toml | ✏️s/🔌️plugins/🎥️shooting/📦️packages/🦀️rust/Cargo.toml | ✏️s/🔌️plugins/🎪️demonstrator/📦️packages/🦀️rust/Cargo.toml | ✏️s/🔌️plugins/🎬️sequence/📦️packages/🦀️rust/Cargo.toml | ✏️s/🔌️plugins/🏗️fem/📦️packages/🦀️rust/Cargo.toml | ✏️s/🔌️plugins/🏛️architect/📦️packages/🦀️rust/Cargo.toml | ✏️s/🔌️plugins/🏭️process/📦️packages/🦀️rust/Cargo.toml | ✏️s/🔌️plugins/🏭️process/🧩️extensions/🔩️metal/📦️packages/🦀️rust/Cargo.toml | ✏️s/🔌️plugins/🏭️process/🧩️extensions/🤖️robotic/📦️packages/🦀️rust/Cargo.toml | ✏️s/🔌️plugins/🏭️process/🧩️extensions/🧱️concrete/📦️packages/🦀️rust/Cargo.toml | ✏️s/🔌️plugins/🏭️process/🧩️extensions/🪵️wood/📦️packages/🦀️rust/Cargo.toml | ✏️s/🔌️plugins/💠️lowpoly/📦️packages/🦀️rust/Cargo.toml | ✏️s/🔌️plugins/💡️reasoning/📦️packages/🦀️rust/Cargo.toml | ✏️s/🔌️plugins/📋️forms/📦️packages/🦀️rust/Cargo.toml | ✏️s/🔌️plugins/📏️layout/📦️packages/🦀️rust/Cargo.toml | ✏️s/🔌️plugins/📐️cad/📦️packages/🦀️rust/Cargo.toml | ✏️s/🔌️plugins/📐️cad/🧩️extensions/🏛️aec-building-structure/📦️packages/🦀️rust/Cargo.toml | ✏️s/🔌️plugins/📐️cad/🧩️extensions/🏢️aec-building/📦️packages/🦀️rust/Cargo.toml | ✏️s/🔌️plugins/📐️cad/🧩️extensions/📐️spatial-shape/📦️packages/🦀️rust/Cargo.toml | ✏️s/🔌️plugins/📐️cad/🧩️extensions/🔥️aec-building-energy/📦️packages/🦀️rust/Cargo.toml | ✏️s/🔌️plugins/📕️norm/📦️packages/🦀️rust/Cargo.toml | ✏️s/🔌️plugins/📖️playbook/📦️packages/🦀️rust/Cargo.toml | ✏️s/🔌️plugins/📖️playbook/🧩️extensions/🌀️procedural/📦️packages/🦀️rust/Cargo.toml | ✏️s/🔌️plugins/📜️imperative/📦️packages/🦀️rust/Cargo.toml | ✏️s/🔌️plugins/📜️imperative/🧩️extensions/🎮️control/📦️packages/🦀️rust/Cargo.toml | ✏️s/🔌️plugins/📜️imperative/🧩️extensions/📝️text/📦️packages/🦀️rust/Cargo.toml | ✏️s/🔌️plugins/📜️imperative/🧩️extensions/📣️effect/📦️packages/🦀️rust/Cargo.toml | ✏️s/🔌️plugins/📜️imperative/🧩️extensions/🧠️logic/📦️packages/🦀️rust/Cargo.toml | ✏️s/🔌️plugins/📜️imperative/🧩️extensions/🧮️math/📦️packages/🦀️rust/Cargo.toml | ✏️s/🔌️plugins/📸️remodel/📦️packages/🦀️rust/Cargo.toml | ✏️s/🔌️plugins/🔋️energy/📦️packages/🦀️rust/Cargo.toml | ✏️s/🔌️plugins/🔱️trinity/📦️packages/🦀️rust/Cargo.toml | ✏️s/🔌️plugins/🕸️dag/📦️packages/🦀️rust/Cargo.toml | ✏️s/🔌️plugins/🖍️draw/📦️packages/🦀️rust/Cargo.toml | ✏️s/🔌️plugins/🖍️draw/🗿️artifacts/🖍️draw/🏅️standards/🔖️1/🪆️subsets/✳️any/✏️editor/🎮️commands/🖱️canvas-pointer-down/🔄️fsm/📦️packages/🦀️rust/Cargo.toml | ✏️s/🔌️plugins/🖨️raster/📦️packages/🦀️rust/Cargo.toml | ✏️s/🔌️plugins/🗄️stdio/📦️packages/🦀️rust/Cargo.toml | ✏️s/🔌️plugins/🗒️note/📦️packages/🦀️rust/Cargo.toml | ✏️s/🔌️plugins/🧩️puzzle/📦️packages/🦀️rust/Cargo.toml | ✏️s/🔌️plugins/🧱️block/📦️packages/🦀️rust/Cargo.toml | ✏️s/🔌️plugins/🪐️space/📦️packages/🦀️rust/Cargo.toml | ✏️s/🔌️plugins/🪵️sourcing/📦️packages/🦀️rust/Cargo.toml | ✏️s/🔌️plugins/🪵️sourcing/🧩️extensions/🧱️slabs/📦️packages/🦀️rust/Cargo.toml | ✏️s/🔌️plugins/🪵️sourcing/🧩️extensions/🪟️windows/📦️packages/🦀️rust/Cargo.toml | ✏️s/🔌️plugins/🪵️sourcing/🧩️extensions/🪵️beams/📦️packages/🦀️rust/Cargo.toml | ✏️s/🔨️modules/📜️imperative/📦️packages/🦀️rust/Cargo.toml | ✏️s/🔨️modules/📜️imperative/🧩️extension_sdk/📦️packages/🦀️rust/Cargo.toml | 🌎️hub/📦️packages/🦀️rust/Cargo.toml | 🧰️framework/📦️packages/🦀️rust/Cargo.toml | 🧰️framework/🔨️modules/✍️editor/📦️packages/🦀️rust/Cargo.toml | 🧰️framework/🔨️modules/🎒️pack/📦️packages/🦀️rust/Cargo.toml | 🧰️framework/🔨️modules/🎭️actor/📦️packages/🦀️rust/Cargo.toml | 🧰️framework/🔨️modules/📡️replication/📦️packages/🦀️rust/Cargo.toml | 🧰️framework/🔨️modules/🔄️machine/📦️packages/🦀️rust/Cargo.toml | 🧰️framework/🔨️modules/🕸️graph/📦️packages/🦀️rust/Cargo.toml | 🧰️framework/🔨️modules/🖱️ui/🎬️scene/📦️packages/🦀️rust/Cargo.toml | 🧰️framework/🔨️modules/🖱️ui/📦️packages/🦀️rust/Cargo.toml | 🧰️framework/🔨️modules/🖱️ui/🖼️render/📦️packages/🦀️rust/Cargo.toml | 🧰️framework/🔨️modules/🖱️ui/🧠️runtime/📦️packages/🦀️rust/Cargo.toml | 🧰️framework/🔨️modules/🖱️ui/🧬️contract/📦️packages/🦀️rust/Cargo.toml | 🧰️framework/🔨️modules/🗺️surface/📦️packages/🦀️rust/Cargo.toml | 🧰️framework/🔨️modules/🧊️3d/📦️packages/🦀️rust/Cargo.toml | 🧰️framework/🔨️modules/🧬️schema/📦️packages/🦀️rust/Cargo.toml | 🧰️framework/🛍️products/💻️os/📦️packages/🦀️rust/Cargo.toml | 🧰️framework/🛍️products/💻️os/🔨️modules/♾️infinite/📦️packages/🦀️rust/Cargo.toml | 🧰️framework/🛍️products/💻️os/🔨️modules/🌉️mcp/📦️packages/🦀️rust/Cargo.toml | 🧰️framework/🛍️products/💻️os/🔨️modules/🌊️flow/📦️packages/🦀️rust/Cargo.toml | 🧰️framework/🛍️products/💻️os/🔨️modules/🏃️run/📦️packages/🦀️rust/Cargo.toml | 🧰️framework/🛍️products/💻️os/🔨️modules/📺️renderer/🧑️‍🎨️engine/📦️packages/🦀️rust/🎯️targets/🧊️wgpu/Cargo.toml | 🧰️framework/🛍️products/💻️os/🔨️modules/🔌️plugin/📇️describe/📦️packages/🦀️rust/Cargo.toml | 🧰️framework/🛍️products/💻️os/🔨️modules/🔌️plugin/📦️packages/🦀️rust/Cargo.toml | 🧰️framework/🛍️products/💻️os/🔨️modules/🔌️plugin/🖥️host/📦️packages/🦀️rust/Cargo.toml | 🧰️framework/🛍️products/💻️os/🔨️modules/🖥️shell/📦️packages/🦀️rust/Cargo.toml | 🧰️framework/🛍️products/💻️os/🔨️modules/🛢️db/📦️packages/🦀️rust/Cargo.toml | 🧰️framework/🛍️products/💻️os/🔨️modules/🧠️neural/⚙️engine/📦️packages/🦀️rust/Cargo.toml | 🧰️framework/🛍️products/💻️os/🖥️host/📦️packages/🦀️rust/Cargo.toml | 🧰️framework/🛍️products/💻️os/🧫️fixtures/🔌️scale/📦️packages/🦀️rust/Cargo.toml | 🧰️framework/🛍️products/🖥️server/📦️packages/🦀️rust/Cargo.toml | 🧰️framework/🛍️products/🦑️repo/🔨️modules/⌨️cli/📦️packages/🦀️rust/Cargo.toml
