name	hex
decode_pack_request	01010106000000000000000001000000050000000100000000
parse_dsl_request	01010206000000000000000001000000050000000100000000
filter_request	01010306000000000000000001000000050000000108000000
normalize_request	01010406000000000000000001000000050000000103000000
workflow_reply_summary	010200000000000000000100000000000006000000010100000000
filter_body_dwg_step	0102000300647767040073746570
normalize_body_dwg	647767
payload_normalized_dwg	010303000000647767
workflow_dsl_canonical	6e616d653d666978747572650a6772617068207b0a7d0a64697274792d6e6f64652d6964733d5b205d0a65787065637465642d64656c69766572696573205b656467652d69643a544558545d207b0a7d0a
workflow_pack_structural	5746503101510000006e616d653d666978747572650a6772617068207b0a7d0a64697274792d6e6f64652d6964733d5b205d0a65787065637465642d64656c69766572696573205b656467652d69643a544558545d207b0a7d0a
