E0433	✏️s/🔌️plugins/🧩️puzzle/📦️packages/🦀️rust/././../../🗿️artifacts/🖐️5d/🏅️standards/🔖️1/🪆️subsets/✳️any/📚️examples/🌙️capsule-dream/🧪️tests/🦀️test.rs	3	cannot find module or crate `semio_framework_async_macros` in this scope
E0433	✏️s/🔌️plugins/🧩️puzzle/📦️packages/🦀️rust/././../../🗿️artifacts/🖐️5d/🏅️standards/🔖️1/🪆️subsets/✳️any/📚️examples/🌙️capsule-dream/🧪️tests/🦀️test.rs	13	cannot find module or crate `semio_framework_async_macros` in this scope
E0433	✏️s/🔌️plugins/🧩️puzzle/📦️packages/🦀️rust/././../../🗿️artifacts/🖐️5d/🏅️standards/🔖️1/🪆️subsets/✳️any/📚️examples/🌙️capsule-dream/🧪️tests/🦀️test.rs	41	cannot find module or crate `semio_framework_async_macros` in this scope
E0433	✏️s/🔌️plugins/🧩️puzzle/📦️packages/🦀️rust/././../../🗿️artifacts/🖐️5d/🏅️standards/🔖️1/🪆️subsets/✳️any/📚️examples/🌙️capsule-dream/🧪️tests/🦀️test.rs	48	cannot find module or crate `semio_framework_async_macros` in this scope
E0433	✏️s/🔌️plugins/🧩️puzzle/📦️packages/🦀️rust/././../../🗿️artifacts/🖐️5d/🏅️standards/🔖️1/🪆️subsets/✳️any/📚️examples/🌙️capsule-dream/🧪️tests/🦀️test.rs	55	cannot find module or crate `semio_framework_async_macros` in this scope
E0425	✏️s/🔌️plugins/🧩️puzzle/📦️packages/🦀️rust/././../../🗿️artifacts/◻2d/🦀️component.rs	476	cannot find type `PuzzleApps` in the crate root
E0425	✏️s/🔌️plugins/🧩️puzzle/📦️packages/🦀️rust/././././../../🗿️artifacts/◻2d/🏅️standards/🔖️1/🦀️component.rs	16	cannot find type `PuzzleApps` in the crate root
E0425	✏️s/🔌️plugins/🧩️puzzle/📦️packages/🦀️rust/././././././../../🗿️artifacts/◻2d/🏅️standards/🔖️1/🪆️subsets/✳️any/🦀️component.rs	65	cannot find type `PuzzleApps` in the crate root
E0425	✏️s/🔌️plugins/🧩️puzzle/📦️packages/🦀️rust/././././././../../🗿️artifacts/◻2d/🏅️standards/🔖️1/🪆️subsets/✳️any/🦀️component.rs	70	cannot find type `PuzzleApps` in the crate root
E0425	✏️s/🔌️plugins/🧩️puzzle/📦️packages/🦀️rust/././././././../../🗿️artifacts/◻2d/🏅️standards/🔖️1/🪆️subsets/✳️any/🦀️component.rs	71	cannot find type `PuzzleApps` in the crate root
E0425	✏️s/🔌️plugins/🧩️puzzle/📦️packages/🦀️rust/././../../🗿️artifacts/🖐️5d/🦀️component.rs	921	cannot find type `PuzzleApps` in the crate root
E0425	✏️s/🔌️plugins/🧩️puzzle/📦️packages/🦀️rust/././././../../🗿️artifacts/🖐️5d/🏅️standards/🔖️1/🦀️component.rs	15	cannot find type `PuzzleApps` in the crate root
E0425	✏️s/🔌️plugins/🧩️puzzle/📦️packages/🦀️rust/././././././../../🗿️artifacts/🖐️5d/🏅️standards/🔖️1/🪆️subsets/✳️any/🦀️component.rs	64	cannot find type `PuzzleApps` in the crate root
E0425	✏️s/🔌️plugins/🧩️puzzle/📦️packages/🦀️rust/././././././../../🗿️artifacts/🖐️5d/🏅️standards/🔖️1/🪆️subsets/✳️any/🦀️component.rs	69	cannot find type `PuzzleApps` in the crate root
E0425	✏️s/🔌️plugins/🧩️puzzle/📦️packages/🦀️rust/././././././../../🗿️artifacts/🖐️5d/🏅️standards/🔖️1/🪆️subsets/✳️any/🦀️component.rs	70	cannot find type `PuzzleApps` in the crate root
E0425	✏️s/🔌️plugins/🧩️puzzle/📦️packages/🦀️rust/././../../🗿️artifacts/🧊️3d/🦀️component.rs	622	cannot find type `PuzzleApps` in the crate root
E0425	✏️s/🔌️plugins/🧩️puzzle/📦️packages/🦀️rust/././././../../🗿️artifacts/🧊️3d/🏅️standards/🔖️1/🦀️component.rs	15	cannot find type `PuzzleApps` in the crate root
E0425	✏️s/🔌️plugins/🧩️puzzle/📦️packages/🦀️rust/././././././../../🗿️artifacts/🧊️3d/🏅️standards/🔖️1/🪆️subsets/✳️any/🦀️component.rs	63	cannot find type `PuzzleApps` in the crate root
E0425	✏️s/🔌️plugins/🧩️puzzle/📦️packages/🦀️rust/././././././../../🗿️artifacts/🧊️3d/🏅️standards/🔖️1/🪆️subsets/✳️any/🦀️component.rs	68	cannot find type `PuzzleApps` in the crate root
E0425	✏️s/🔌️plugins/🧩️puzzle/📦️packages/🦀️rust/././././././../../🗿️artifacts/🧊️3d/🏅️standards/🔖️1/🪆️subsets/✳️any/🦀️component.rs	69	cannot find type `PuzzleApps` in the crate root
	✏️s/🔌️plugins/🧩️puzzle/📦️packages/🦀️rust/././../../🗿️artifacts/🖐️5d/🏅️standards/🔖️1/🪆️subsets/✳️any/👁️viewer/🦀️component.rs	59	method should be `async` or return a future, but it is synchronous
	✏️s/🔌️plugins/🧩️puzzle/📦️packages/🦀️rust/././../../🗿️artifacts/🖐️5d/🏅️standards/🔖️1/🪆️subsets/✳️any/👁️viewer/🦀️component.rs	67	method should be `async` or return a future, but it is synchronous
	✏️s/🔌️plugins/🧩️puzzle/📦️packages/🦀️rust/././../../🗿️artifacts/◻2d/🏅️standards/🔖️1/🪆️subsets/✳️any/👁️viewer/🦀️component.rs	56	method should be `async` or return a future, but it is synchronous
	✏️s/🔌️plugins/🧩️puzzle/📦️packages/🦀️rust/././../../🗿️artifacts/◻2d/🏅️standards/🔖️1/🪆️subsets/✳️any/👁️viewer/🦀️component.rs	64	method should be `async` or return a future, but it is synchronous
	✏️s/🔌️plugins/🧩️puzzle/📦️packages/🦀️rust/././../../🗿️artifacts/🧊️3d/🏅️standards/🔖️1/🪆️subsets/✳️any/👁️viewer/🦀️component.rs	53	method should be `async` or return a future, but it is synchronous
	✏️s/🔌️plugins/🧩️puzzle/📦️packages/🦀️rust/././../../🗿️artifacts/🧊️3d/🏅️standards/🔖️1/🪆️subsets/✳️any/👁️viewer/🦀️component.rs	61	method should be `async` or return a future, but it is synchronous
	✏️s/🔌️plugins/🧩️puzzle/📦️packages/🦀️rust/./././././././../../🗿️artifacts/◻2d/🏅️standards/🔖️1/🪆️subsets/✳️any/🧬️schema/🦀️component.rs	178	method should be `async` or return a future, but it is synchronous
	✏️s/🔌️plugins/🧩️puzzle/📦️packages/🦀️rust/./././././././../../🗿️artifacts/◻2d/🏅️standards/🔖️1/🪆️subsets/✳️any/🧬️schema/🦀️component.rs	181	method should be `async` or return a future, but it is synchronous
	✏️s/🔌️plugins/🧩️puzzle/📦️packages/🦀️rust/./././././././../../🗿️artifacts/◻2d/🏅️standards/🔖️1/🪆️subsets/✳️any/🧬️schema/🦀️component.rs	184	method should be `async` or return a future, but it is synchronous
	✏️s/🔌️plugins/🧩️puzzle/📦️packages/🦀️rust/./././././././../../🗿️artifacts/◻2d/🏅️standards/🔖️1/🪆️subsets/✳️any/🧬️schema/🦀️component.rs	187	method should be `async` or return a future, but it is synchronous
	✏️s/🔌️plugins/🧩️puzzle/📦️packages/🦀️rust/./././././././../../🗿️artifacts/◻2d/🏅️standards/🔖️1/🪆️subsets/✳️any/🧬️schema/🦀️component.rs	190	method should be `async` or return a future, but it is synchronous
	✏️s/🔌️plugins/🧩️puzzle/📦️packages/🦀️rust/./././././././../../🗿️artifacts/◻2d/🏅️standards/🔖️1/🪆️subsets/✳️any/🧬️schema/🦀️component.rs	198	method should be `async` or return a future, but it is synchronous
	✏️s/🔌️plugins/🧩️puzzle/📦️packages/🦀️rust/./././././././../../🗿️artifacts/◻2d/🏅️standards/🔖️1/🪆️subsets/✳️any/🧬️schema/🦀️component.rs	203	method should be `async` or return a future, but it is synchronous
	✏️s/🔌️plugins/🧩️puzzle/📦️packages/🦀️rust/./././././././../../🗿️artifacts/◻2d/🏅️standards/🔖️1/🪆️subsets/✳️any/🧬️schema/🦀️component.rs	231	method should be `async` or return a future, but it is synchronous
	✏️s/🔌️plugins/🧩️puzzle/📦️packages/🦀️rust/./././././././../../🗿️artifacts/◻2d/🏅️standards/🔖️1/🪆️subsets/✳️any/🧬️schema/🦀️component.rs	235	method should be `async` or return a future, but it is synchronous
	✏️s/🔌️plugins/🧩️puzzle/📦️packages/🦀️rust/././../../🗿️artifacts/🧊️3d/🏅️standards/🔖️1/🪆️subsets/✳️any/✏️editor/🦀️component.rs	2292	method should be `async` or return a future, but it is synchronous
	✏️s/🔌️plugins/🧩️puzzle/📦️packages/🦀️rust/././../../🗿️artifacts/🧊️3d/🏅️standards/🔖️1/🪆️subsets/✳️any/✏️editor/🦀️component.rs	2296	method should be `async` or return a future, but it is synchronous
	✏️s/🔌️plugins/🧩️puzzle/📦️packages/🦀️rust/././../../🗿️artifacts/🧊️3d/🏅️standards/🔖️1/🪆️subsets/✳️any/✏️editor/🦀️component.rs	2301	method should be `async` or return a future, but it is synchronous
	✏️s/🔌️plugins/🧩️puzzle/📦️packages/🦀️rust/././../../🗿️artifacts/🧊️3d/🏅️standards/🔖️1/🪆️subsets/✳️any/✏️editor/🦀️component.rs	2307	method should be `async` or return a future, but it is synchronous
	✏️s/🔌️plugins/🧩️puzzle/📦️packages/🦀️rust/././../../🗿️artifacts/🧊️3d/🏅️standards/🔖️1/🪆️subsets/✳️any/✏️editor/🦀️component.rs	2314	method should be `async` or return a future, but it is synchronous
	✏️s/🔌️plugins/🧩️puzzle/📦️packages/🦀️rust/././../../🗿️artifacts/🧊️3d/🏅️standards/🔖️1/🪆️subsets/✳️any/✏️editor/🦀️component.rs	2330	method should be `async` or return a future, but it is synchronous
	✏️s/🔌️plugins/🧩️puzzle/📦️packages/🦀️rust/././../../🗿️artifacts/🧊️3d/🏅️standards/🔖️1/🪆️subsets/✳️any/✏️editor/🦀️component.rs	2359	method should be `async` or return a future, but it is synchronous
	✏️s/🔌️plugins/🧩️puzzle/📦️packages/🦀️rust/././../../🗿️artifacts/🧊️3d/🏅️standards/🔖️1/🪆️subsets/✳️any/✏️editor/🦀️component.rs	2369	method should be `async` or return a future, but it is synchronous
	✏️s/🔌️plugins/🧩️puzzle/📦️packages/🦀️rust/./././././././../../🗿️artifacts/🧊️3d/🏅️standards/🔖️1/🪆️subsets/✳️any/🚪️io/🦀️component.rs	32	method should be `async` or return a future, but it is synchronous
	✏️s/🔌️plugins/🧩️puzzle/📦️packages/🦀️rust/./././././././../../🗿️artifacts/🧊️3d/🏅️standards/🔖️1/🪆️subsets/✳️any/🚪️io/🦀️component.rs	36	method should be `async` or return a future, but it is synchronous
	✏️s/🔌️plugins/🧩️puzzle/📦️packages/🦀️rust/./././././././../../🗿️artifacts/◻2d/🏅️standards/🔖️1/🪆️subsets/✳️any/🚪️io/🦀️component.rs	30	method should be `async` or return a future, but it is synchronous
	✏️s/🔌️plugins/🧩️puzzle/📦️packages/🦀️rust/./././././././../../🗿️artifacts/◻2d/🏅️standards/🔖️1/🪆️subsets/✳️any/🚪️io/🦀️component.rs	34	method should be `async` or return a future, but it is synchronous
	✏️s/🔌️plugins/🧩️puzzle/📦️packages/🦀️rust/./././././././../../🗿️artifacts/🖐️5d/🏅️standards/🔖️1/🪆️subsets/✳️any/🧬️schema/🦀️component.rs	219	method should be `async` or return a future, but it is synchronous
	✏️s/🔌️plugins/🧩️puzzle/📦️packages/🦀️rust/./././././././../../🗿️artifacts/🖐️5d/🏅️standards/🔖️1/🪆️subsets/✳️any/🧬️schema/🦀️component.rs	222	method should be `async` or return a future, but it is synchronous
	✏️s/🔌️plugins/🧩️puzzle/📦️packages/🦀️rust/./././././././../../🗿️artifacts/🖐️5d/🏅️standards/🔖️1/🪆️subsets/✳️any/🧬️schema/🦀️component.rs	225	method should be `async` or return a future, but it is synchronous
	✏️s/🔌️plugins/🧩️puzzle/📦️packages/🦀️rust/./././././././../../🗿️artifacts/🖐️5d/🏅️standards/🔖️1/🪆️subsets/✳️any/🧬️schema/🦀️component.rs	228	method should be `async` or return a future, but it is synchronous
	✏️s/🔌️plugins/🧩️puzzle/📦️packages/🦀️rust/./././././././../../🗿️artifacts/🖐️5d/🏅️standards/🔖️1/🪆️subsets/✳️any/🧬️schema/🦀️component.rs	231	method should be `async` or return a future, but it is synchronous
	✏️s/🔌️plugins/🧩️puzzle/📦️packages/🦀️rust/./././././././../../🗿️artifacts/🖐️5d/🏅️standards/🔖️1/🪆️subsets/✳️any/🧬️schema/🦀️component.rs	239	method should be `async` or return a future, but it is synchronous
	✏️s/🔌️plugins/🧩️puzzle/📦️packages/🦀️rust/./././././././../../🗿️artifacts/🖐️5d/🏅️standards/🔖️1/🪆️subsets/✳️any/🧬️schema/🦀️component.rs	244	method should be `async` or return a future, but it is synchronous
	✏️s/🔌️plugins/🧩️puzzle/📦️packages/🦀️rust/./././././././../../🗿️artifacts/🖐️5d/🏅️standards/🔖️1/🪆️subsets/✳️any/🧬️schema/🦀️component.rs	272	method should be `async` or return a future, but it is synchronous
	✏️s/🔌️plugins/🧩️puzzle/📦️packages/🦀️rust/./././././././../../🗿️artifacts/🖐️5d/🏅️standards/🔖️1/🪆️subsets/✳️any/🧬️schema/🦀️component.rs	276	method should be `async` or return a future, but it is synchronous
	✏️s/🔌️plugins/🧩️puzzle/📦️packages/🦀️rust/././././././././../../🗿️artifacts/🧊️3d/🏅️standards/🔖️1/🪆️subsets/✳️any/🧬️schema/💡️inferences/🦀️component.rs	54	method should be `async` or return a future, but it is synchronous
E0277	✏️s/🔌️plugins/🧩️puzzle/📦️packages/🦀️rust/././../../🗿️artifacts/◻2d/🏅️standards/🔖️1/🪆️subsets/✳️any/👁️viewer/🦀️component.rs	68	`UiNode` is not a future
E0271	✏️s/🔌️plugins/🧩️puzzle/📦️packages/🦀️rust/././../../🗿️artifacts/◻2d/🏅️standards/🔖️1/🪆️subsets/✳️any/✏️editor/🦀️component.rs	1067	expected `impl Future<Output = UiNode>` to be a future that resolves to `ComponentTree`, but it resolves to `UiNode`
E0277	✏️s/🔌️plugins/🧩️puzzle/📦️packages/🦀️rust/././../../🗿️artifacts/🖐️5d/🏅️standards/🔖️1/🪆️subsets/✳️any/👁️viewer/🦀️component.rs	77	`UiNode` is not a future
E0277	✏️s/🔌️plugins/🧩️puzzle/📦️packages/🦀️rust/././../../🗿️artifacts/🧊️3d/🏅️standards/🔖️1/🪆️subsets/✳️any/✏️editor/🦀️component.rs	2403	`UiNode` is not a future
E0277	✏️s/🔌️plugins/🧩️puzzle/📦️packages/🦀️rust/././../../🗿️artifacts/🧊️3d/🏅️standards/🔖️1/🪆️subsets/✳️any/👁️viewer/🦀️component.rs	65	`UiNode` is not a future
	✏️s/🔌️plugins/🧩️puzzle/📦️packages/🦀️rust/././../../🗿️artifacts/🧊️3d/🏅️standards/🔖️1/🪆️subsets/✳️any/✏️editor/🦀️component.rs	2435	method should be `async` or return a future, but it is synchronous
	✏️s/🔌️plugins/🧩️puzzle/📦️packages/🦀️rust/././../../🗿️artifacts/🧊️3d/🏅️standards/🔖️1/🪆️subsets/✳️any/✏️editor/🦀️component.rs	2451	method should be `async` or return a future, but it is synchronous
	✏️s/🔌️plugins/🧩️puzzle/📦️packages/🦀️rust/././../../🗿️artifacts/🧊️3d/🏅️standards/🔖️1/🪆️subsets/✳️any/✏️editor/🦀️component.rs	2465	method should be `async` or return a future, but it is synchronous
	✏️s/🔌️plugins/🧩️puzzle/📦️packages/🦀️rust/././../../🗿️artifacts/🧊️3d/🏅️standards/🔖️1/🪆️subsets/✳️any/✏️editor/🦀️component.rs	2475	method should be `async` or return a future, but it is synchronous
E0271	✏️s/🔌️plugins/🧩️puzzle/📦️packages/🦀️rust/././../../🗿️artifacts/🖐️5d/🏅️standards/🔖️1/🪆️subsets/✳️any/✏️editor/🦀️component.rs	1848	expected `impl Future<Output = UiNode>` to be a future that resolves to `ComponentTree`, but it resolves to `UiNode`
	✏️s/🔌️plugins/🧩️puzzle/📦️packages/🦀️rust/./././././././../../🗿️artifacts/🖐️5d/🏅️standards/🔖️1/🪆️subsets/✳️any/🚪️io/🦀️component.rs	29	method should be `async` or return a future, but it is synchronous
	✏️s/🔌️plugins/🧩️puzzle/📦️packages/🦀️rust/./././././././../../🗿️artifacts/🖐️5d/🏅️standards/🔖️1/🪆️subsets/✳️any/🚪️io/🦀️component.rs	33	method should be `async` or return a future, but it is synchronous
	✏️s/🔌️plugins/🧩️puzzle/📦️packages/🦀️rust/./././././././../../🗿️artifacts/🧊️3d/🏅️standards/🔖️1/🪆️subsets/✳️any/🧬️schema/🦀️component.rs	224	method should be `async` or return a future, but it is synchronous
	✏️s/🔌️plugins/🧩️puzzle/📦️packages/🦀️rust/./././././././../../🗿️artifacts/🧊️3d/🏅️standards/🔖️1/🪆️subsets/✳️any/🧬️schema/🦀️component.rs	227	method should be `async` or return a future, but it is synchronous
	✏️s/🔌️plugins/🧩️puzzle/📦️packages/🦀️rust/./././././././../../🗿️artifacts/🧊️3d/🏅️standards/🔖️1/🪆️subsets/✳️any/🧬️schema/🦀️component.rs	230	method should be `async` or return a future, but it is synchronous
	✏️s/🔌️plugins/🧩️puzzle/📦️packages/🦀️rust/./././././././../../🗿️artifacts/🧊️3d/🏅️standards/🔖️1/🪆️subsets/✳️any/🧬️schema/🦀️component.rs	233	method should be `async` or return a future, but it is synchronous
	✏️s/🔌️plugins/🧩️puzzle/📦️packages/🦀️rust/./././././././../../🗿️artifacts/🧊️3d/🏅️standards/🔖️1/🪆️subsets/✳️any/🧬️schema/🦀️component.rs	236	method should be `async` or return a future, but it is synchronous
	✏️s/🔌️plugins/🧩️puzzle/📦️packages/🦀️rust/./././././././../../🗿️artifacts/🧊️3d/🏅️standards/🔖️1/🪆️subsets/✳️any/🧬️schema/🦀️component.rs	244	method should be `async` or return a future, but it is synchronous
	✏️s/🔌️plugins/🧩️puzzle/📦️packages/🦀️rust/./././././././../../🗿️artifacts/🧊️3d/🏅️standards/🔖️1/🪆️subsets/✳️any/🧬️schema/🦀️component.rs	249	method should be `async` or return a future, but it is synchronous
	✏️s/🔌️plugins/🧩️puzzle/📦️packages/🦀️rust/./././././././../../🗿️artifacts/🧊️3d/🏅️standards/🔖️1/🪆️subsets/✳️any/🧬️schema/🦀️component.rs	277	method should be `async` or return a future, but it is synchronous
	✏️s/🔌️plugins/🧩️puzzle/📦️packages/🦀️rust/./././././././../../🗿️artifacts/🧊️3d/🏅️standards/🔖️1/🪆️subsets/✳️any/🧬️schema/🦀️component.rs	281	method should be `async` or return a future, but it is synchronous
E0308	✏️s/🔌️plugins/🧩️puzzle/📦️packages/🦀️rust/././../../🗿️artifacts/🖐️5d/🏅️standards/🔖️1/🪆️subsets/✳️any/✏️editor/🦀️component.rs	1627	mismatched types
E0308	✏️s/🔌️plugins/🧩️puzzle/📦️packages/🦀️rust/././../../🗿️artifacts/🖐️5d/🏅️standards/🔖️1/🪆️subsets/✳️any/✏️editor/🦀️component.rs	1374	mismatched types
E0277	✏️s/🔌️plugins/🧩️puzzle/📦️packages/🦀️rust/././../../🗿️artifacts/🖐️5d/🏅️standards/🔖️1/🪆️subsets/✳️any/✏️editor/🦀️component.rs	1377	the size for values of type `str` cannot be known at compilation time
E0609	✏️s/🔌️plugins/🧩️puzzle/📦️packages/🦀️rust/././../../🗿️artifacts/🖐️5d/🏅️standards/🔖️1/🪆️subsets/✳️any/✏️editor/🦀️component.rs	1280	no field `granularity` on type `impl Future<Output = &DomainSelection>`
E0609	✏️s/🔌️plugins/🧩️puzzle/📦️packages/🦀️rust/././../../🗿️artifacts/🖐️5d/🏅️standards/🔖️1/🪆️subsets/✳️any/✏️editor/🦀️component.rs	1281	no field `ids` on type `impl Future<Output = &DomainSelection>`
E0308	✏️s/🔌️plugins/🧩️puzzle/📦️packages/🦀️rust/././../../🗿️artifacts/🖐️5d/🏅️standards/🔖️1/🪆️subsets/✳️any/✏️editor/🦀️component.rs	1293	mismatched types
E0609	✏️s/🔌️plugins/🧩️puzzle/📦️packages/🦀️rust/././../../🗿️artifacts/🖐️5d/🏅️standards/🔖️1/🪆️subsets/✳️any/✏️editor/🦀️component.rs	1302	no field `granularity` on type `impl Future<Output = &DomainSelection>`
E0609	✏️s/🔌️plugins/🧩️puzzle/📦️packages/🦀️rust/././../../🗿️artifacts/🖐️5d/🏅️standards/🔖️1/🪆️subsets/✳️any/✏️editor/🦀️component.rs	1303	no field `ids` on type `impl Future<Output = &DomainSelection>`
E0609	✏️s/🔌️plugins/🧩️puzzle/📦️packages/🦀️rust/././../../🗿️artifacts/🖐️5d/🏅️standards/🔖️1/🪆️subsets/✳️any/✏️editor/🦀️component.rs	1304	no field `ids` on type `impl Future<Output = &DomainSelection>`
E0308	✏️s/🔌️plugins/🧩️puzzle/📦️packages/🦀️rust/././../../🗿️artifacts/🖐️5d/🏅️standards/🔖️1/🪆️subsets/✳️any/✏️editor/🦀️component.rs	1287	mismatched types
E0308	✏️s/🔌️plugins/🧩️puzzle/📦️packages/🦀️rust/././../../🗿️artifacts/🖐️5d/🏅️standards/🔖️1/🪆️subsets/✳️any/✏️editor/🦀️component.rs	1290	mismatched types
E0308	✏️s/🔌️plugins/🧩️puzzle/📦️packages/🦀️rust/././../../🗿️artifacts/🖐️5d/🏅️standards/🔖️1/🪆️subsets/✳️any/✏️editor/🦀️component.rs	1703	mismatched types
E0308	✏️s/🔌️plugins/🧩️puzzle/📦️packages/🦀️rust/././../../🗿️artifacts/🖐️5d/🏅️standards/🔖️1/🪆️subsets/✳️any/✏️editor/🦀️component.rs	1885	mismatched types
E0308	✏️s/🔌️plugins/🧩️puzzle/📦️packages/🦀️rust/././../../🗿️artifacts/◻2d/🏅️standards/🔖️1/🪆️subsets/✳️any/✏️editor/🦀️component.rs	1130	mismatched types
E0308	✏️s/🔌️plugins/🧩️puzzle/📦️packages/🦀️rust/././../../🗿️artifacts/◻2d/🏅️standards/🔖️1/🪆️subsets/✳️any/✏️editor/🦀️component.rs	1142	mismatched types
E0308	✏️s/🔌️plugins/🧩️puzzle/📦️packages/🦀️rust/././../../🗿️artifacts/◻2d/🏅️standards/🔖️1/🪆️subsets/✳️any/✏️editor/🦀️component.rs	1081	mismatched types
E0609	✏️s/🔌️plugins/🧩️puzzle/📦️packages/🦀️rust/././../../🗿️artifacts/◻2d/🏅️standards/🔖️1/🪆️subsets/✳️any/✏️editor/🦀️component.rs	814	no field `ids` on type `impl Future<Output = &DomainSelection>`
E0308	✏️s/🔌️plugins/🧩️puzzle/📦️packages/🦀️rust/././../../🗿️artifacts/◻2d/🏅️standards/🔖️1/🪆️subsets/✳️any/✏️editor/🦀️component.rs	961	mismatched types
E0609	✏️s/🔌️plugins/🧩️puzzle/📦️packages/🦀️rust/././../../🗿️artifacts/◻2d/🏅️standards/🔖️1/🪆️subsets/✳️any/✏️editor/🦀️component.rs	967	no field `ids` on type `impl Future<Output = &DomainSelection>`
E0308	✏️s/🔌️plugins/🧩️puzzle/📦️packages/🦀️rust/././../../🗿️artifacts/◻2d/🏅️standards/🔖️1/🪆️subsets/✳️any/✏️editor/🦀️component.rs	1082	mismatched types
E0308	✏️s/🔌️plugins/🧩️puzzle/📦️packages/🦀️rust/././../../🗿️artifacts/◻2d/🏅️standards/🔖️1/🪆️subsets/✳️any/✏️editor/🦀️component.rs	1083	mismatched types
E0308	✏️s/🔌️plugins/🧩️puzzle/📦️packages/🦀️rust/././../../🗿️artifacts/◻2d/🏅️standards/🔖️1/🪆️subsets/✳️any/✏️editor/🦀️component.rs	967	mismatched types
E0308	✏️s/🔌️plugins/🧩️puzzle/📦️packages/🦀️rust/././../../🗿️artifacts/◻2d/🏅️standards/🔖️1/🪆️subsets/✳️any/✏️editor/🦀️component.rs	1193	mismatched types
E0308	✏️s/🔌️plugins/🧩️puzzle/📦️packages/🦀️rust/././../../🗿️artifacts/◻2d/🏅️standards/🔖️1/🪆️subsets/✳️any/✏️editor/🦀️component.rs	1084	mismatched types
E0609	✏️s/🔌️plugins/🧩️puzzle/📦️packages/🦀️rust/././../../🗿️artifacts/◻2d/🏅️standards/🔖️1/🪆️subsets/✳️any/✏️editor/🦀️component.rs	1085	no field `fixture` on type `impl Future<Output = editor::puzzle2d::component::Puzzle2dScene>`
E0308	✏️s/🔌️plugins/🧩️puzzle/📦️packages/🦀️rust/././../../🗿️artifacts/◻2d/🏅️standards/🔖️1/🪆️subsets/✳️any/✏️editor/🦀️component.rs	974	mismatched types
E0308	✏️s/🔌️plugins/🧩️puzzle/📦️packages/🦀️rust/././../../🗿️artifacts/◻2d/🏅️standards/🔖️1/🪆️subsets/✳️any/✏️editor/🦀️component.rs	1086	mismatched types
E0308	✏️s/🔌️plugins/🧩️puzzle/📦️packages/🦀️rust/././../../🗿️artifacts/🖐️5d/🏅️standards/🔖️1/🪆️subsets/✳️any/✏️editor/🦀️component.rs	1967	mismatched types
E0308	✏️s/🔌️plugins/🧩️puzzle/📦️packages/🦀️rust/././../../🗿️artifacts/◻2d/🏅️standards/🔖️1/🪆️subsets/✳️any/✏️editor/🦀️component.rs	1014	mismatched types
E0609	✏️s/🔌️plugins/🧩️puzzle/📦️packages/🦀️rust/././../../🗿️artifacts/◻2d/🏅️standards/🔖️1/🪆️subsets/✳️any/✏️editor/🦀️component.rs	1015	no field `fixture` on type `impl Future<Output = editor::puzzle2d::component::Puzzle2dScene>`
E0609	✏️s/🔌️plugins/🧩️puzzle/📦️packages/🦀️rust/././../../🗿️artifacts/◻2d/🏅️standards/🔖️1/🪆️subsets/✳️any/✏️editor/🦀️component.rs	1023	no field `runtime` on type `impl Future<Output = editor::puzzle2d::component::Puzzle2dScene>`
E0609	✏️s/🔌️plugins/🧩️puzzle/📦️packages/🦀️rust/././../../🗿️artifacts/◻2d/🏅️standards/🔖️1/🪆️subsets/✳️any/✏️editor/🦀️component.rs	1023	no field `runtime` on type `impl Future<Output = editor::puzzle2d::component::Puzzle2dScene>`
E0308	✏️s/🔌️plugins/🧩️puzzle/📦️packages/🦀️rust/././../../🗿️artifacts/◻2d/🏅️standards/🔖️1/🪆️subsets/✳️any/✏️editor/🦀️component.rs	1101	mismatched types
E0308	✏️s/🔌️plugins/🧩️puzzle/📦️packages/🦀️rust/././../../🗿️artifacts/◻2d/🏅️standards/🔖️1/🪆️subsets/✳️any/✏️editor/🦀️component.rs	1116	mismatched types
E0308	✏️s/🔌️plugins/🧩️puzzle/📦️packages/🦀️rust/././../../🗿️artifacts/◻2d/🏅️standards/🔖️1/🪆️subsets/✳️any/✏️editor/🦀️component.rs	1195	mismatched types
E0308	✏️s/🔌️plugins/🧩️puzzle/📦️packages/🦀️rust/././../../🗿️artifacts/◻2d/🏅️standards/🔖️1/🪆️subsets/✳️any/✏️editor/🦀️component.rs	1117	mismatched types
E0308	✏️s/🔌️plugins/🧩️puzzle/📦️packages/🦀️rust/././../../🗿️artifacts/🖐️5d/🏅️standards/🔖️1/🪆️subsets/✳️any/✏️editor/🦀️component.rs	1995	mismatched types
E0599	✏️s/🔌️plugins/🧩️puzzle/📦️packages/🦀️rust/././../../🗿️artifacts/🖐️5d/🏅️standards/🔖️1/🪆️subsets/✳️any/✏️editor/🦀️component.rs	1734	no method named `with_ports` found for opaque type `impl Future<Output = AppIo>` in the current scope
E0599	✏️s/🔌️plugins/🧩️puzzle/📦️packages/🦀️rust/././././././././../../🗿️artifacts/◻2d/🏅️standards/🔖️1/🪆️subsets/✳️any/🧬️schema/💡️inferences/🦀️component.rs	141	no method named `or_else` found for opaque type `impl Future<Output = std::option::Option<(&str, &str)>>` in the current scope
E0308	✏️s/🔌️plugins/🧩️puzzle/📦️packages/🦀️rust/././../../🗿️artifacts/◻2d/🏅️standards/🔖️1/🪆️subsets/✳️any/✏️editor/🦀️component.rs	1118	mismatched types
E0599	✏️s/🔌️plugins/🧩️puzzle/📦️packages/🦀️rust/././../../🗿️artifacts/🖐️5d/🏅️standards/🔖️1/🪆️subsets/✳️any/✏️editor/🦀️component.rs	1635	no method named `expect` found for opaque type `impl Future<Output = std::option::Option<MediaType>>` in the current scope
E0308	✏️s/🔌️plugins/🧩️puzzle/📦️packages/🦀️rust/././../../🗿️artifacts/◻2d/🏅️standards/🔖️1/🪆️subsets/✳️any/✏️editor/🦀️component.rs	1197	mismatched types
E0308	✏️s/🔌️plugins/🧩️puzzle/📦️packages/🦀️rust/././../../🗿️artifacts/🖐️5d/🏅️standards/🔖️1/🪆️subsets/✳️any/✏️editor/🦀️component.rs	1653	mismatched types
E0308	✏️s/🔌️plugins/🧩️puzzle/📦️packages/🦀️rust/././../../🗿️artifacts/🖐️5d/🏅️standards/🔖️1/🪆️subsets/✳️any/✏️editor/🦀️component.rs	1849	mismatched types
E0308	✏️s/🔌️plugins/🧩️puzzle/📦️packages/🦀️rust/././../../🗿️artifacts/🖐️5d/🏅️standards/🔖️1/🪆️subsets/✳️any/✏️editor/🦀️component.rs	1996	mismatched types
E0599	✏️s/🔌️plugins/🧩️puzzle/📦️packages/🦀️rust/././../../🗿️artifacts/◻2d/🏅️standards/🔖️1/🪆️subsets/✳️any/✏️editor/🦀️component.rs	841	no method named `item` found for opaque type `impl Future<Output = semio_framework_plugin::Menu<'_>>` in the current scope
E0599	✏️s/🔌️plugins/🧩️puzzle/📦️packages/🦀️rust/././../../🗿️artifacts/◻2d/🏅️standards/🔖️1/🪆️subsets/✳️any/✏️editor/🦀️component.rs	1034	no method named `with_ports` found for opaque type `impl Future<Output = AppIo>` in the current scope
E0308	✏️s/🔌️plugins/🧩️puzzle/📦️packages/🦀️rust/././../../🗿️artifacts/◻2d/🏅️standards/🔖️1/🪆️subsets/✳️any/✏️editor/🦀️component.rs	1199	mismatched types
E0308	✏️s/🔌️plugins/🧩️puzzle/📦️packages/🦀️rust/././../../🗿️artifacts/🖐️5d/🏅️standards/🔖️1/🪆️subsets/✳️any/✏️editor/🦀️component.rs	1997	mismatched types
E0308	✏️s/🔌️plugins/🧩️puzzle/📦️packages/🦀️rust/././../../🗿️artifacts/🖐️5d/🏅️standards/🔖️1/🪆️subsets/✳️any/✏️editor/🦀️component.rs	1998	mismatched types
E0599	✏️s/🔌️plugins/🧩️puzzle/📦️packages/🦀️rust/././././././././../../🗿️artifacts/◻2d/🏅️standards/🔖️1/🪆️subsets/✳️any/🧬️schema/💡️inferences/🦀️component.rs	142	no method named `or_else` found for opaque type `impl Future<Output = std::option::Option<(&str, &str)>>` in the current scope
E0308	✏️s/🔌️plugins/🧩️puzzle/📦️packages/🦀️rust/././../../🗿️artifacts/🖐️5d/🏅️standards/🔖️1/🪆️subsets/✳️any/✏️editor/🦀️component.rs	2019	mismatched types
E0599	✏️s/🔌️plugins/🧩️puzzle/📦️packages/🦀️rust/././../../🗿️artifacts/◻2d/🏅️standards/🔖️1/🪆️subsets/✳️any/✏️editor/🦀️component.rs	884	no method named `item` found for opaque type `impl Future<Output = semio_framework_plugin::Menu<'_>>` in the current scope
E0308	✏️s/🔌️plugins/🧩️puzzle/📦️packages/🦀️rust/././././././././../../🗿️artifacts/◻2d/🏅️standards/🔖️1/🪆️subsets/✳️any/🧬️schema/💡️inferences/🦀️component.rs	187	mismatched types
E0599	✏️s/🔌️plugins/🧩️puzzle/📦️packages/🦀️rust/././../../🗿️artifacts/🖐️5d/🏅️standards/🔖️1/🪆️subsets/✳️any/✏️editor/🦀️component.rs	1671	no method named `unwrap_or` found for opaque type `impl Future<Output = std::option::Option<MediaType>>` in the current scope
E0277	✏️s/🔌️plugins/🧩️puzzle/📦️packages/🦀️rust/././../../🗿️artifacts/◻2d/🏅️standards/🔖️1/🪆️subsets/✳️any/✏️editor/🦀️component.rs	889	`impl Future<Output = std::string::String>` doesn't implement `std::fmt::Display`
E0599	✏️s/🔌️plugins/🧩️puzzle/📦️packages/🦀️rust/././../../🗿️artifacts/◻2d/🏅️standards/🔖️1/🪆️subsets/✳️any/✏️editor/🦀️component.rs	1201	no method named `with_category` found for opaque type `impl Future<Output = ActionDefinition>` in the current scope
E0308	✏️s/🔌️plugins/🧩️puzzle/📦️packages/🦀️rust/././../../🗿️artifacts/◻2d/🏅️standards/🔖️1/🪆️subsets/✳️any/✏️editor/🦀️component.rs	1202	mismatched types
E0308	✏️s/🔌️plugins/🧩️puzzle/📦️packages/🦀️rust/././../../🗿️artifacts/◻2d/🏅️standards/🔖️1/🪆️subsets/✳️any/✏️editor/🦀️component.rs	1203	mismatched types
E0308	✏️s/🔌️plugins/🧩️puzzle/📦️packages/🦀️rust/././../../🗿️artifacts/◻2d/🏅️standards/🔖️1/🪆️subsets/✳️any/✏️editor/🦀️component.rs	1204	mismatched types
E0308	✏️s/🔌️plugins/🧩️puzzle/📦️packages/🦀️rust/././../../🗿️artifacts/◻2d/🏅️standards/🔖️1/🪆️subsets/✳️any/✏️editor/🦀️component.rs	1205	mismatched types
E0308	✏️s/🔌️plugins/🧩️puzzle/📦️packages/🦀️rust/././../../🗿️artifacts/◻2d/🏅️standards/🔖️1/🪆️subsets/✳️any/✏️editor/🦀️component.rs	1206	mismatched types
E0308	✏️s/🔌️plugins/🧩️puzzle/📦️packages/🦀️rust/././../../🗿️artifacts/◻2d/🏅️standards/🔖️1/🪆️subsets/✳️any/✏️editor/🦀️component.rs	1207	mismatched types
E0308	✏️s/🔌️plugins/🧩️puzzle/📦️packages/🦀️rust/././../../🗿️artifacts/◻2d/🏅️standards/🔖️1/🪆️subsets/✳️any/✏️editor/🦀️component.rs	1208	mismatched types
E0308	✏️s/🔌️plugins/🧩️puzzle/📦️packages/🦀️rust/././../../🗿️artifacts/◻2d/🏅️standards/🔖️1/🪆️subsets/✳️any/✏️editor/🦀️component.rs	1211	mismatched types
E0308	✏️s/🔌️plugins/🧩️puzzle/📦️packages/🦀️rust/././../../🗿️artifacts/◻2d/🏅️standards/🔖️1/🪆️subsets/✳️any/✏️editor/🦀️component.rs	1212	mismatched types
E0308	✏️s/🔌️plugins/🧩️puzzle/📦️packages/🦀️rust/././../../🗿️artifacts/◻2d/🏅️standards/🔖️1/🪆️subsets/✳️any/✏️editor/🦀️component.rs	1213	mismatched types
E0308	✏️s/🔌️plugins/🧩️puzzle/📦️packages/🦀️rust/././../../🗿️artifacts/◻2d/🏅️standards/🔖️1/🪆️subsets/✳️any/✏️editor/🦀️component.rs	1214	mismatched types
E0308	✏️s/🔌️plugins/🧩️puzzle/📦️packages/🦀️rust/././../../🗿️artifacts/◻2d/🏅️standards/🔖️1/🪆️subsets/✳️any/✏️editor/🦀️component.rs	1215	mismatched types
E0308	✏️s/🔌️plugins/🧩️puzzle/📦️packages/🦀️rust/././../../🗿️artifacts/◻2d/🏅️standards/🔖️1/🪆️subsets/✳️any/✏️editor/🦀️component.rs	1216	mismatched types
E0308	✏️s/🔌️plugins/🧩️puzzle/📦️packages/🦀️rust/././../../🗿️artifacts/◻2d/🏅️standards/🔖️1/🪆️subsets/✳️any/✏️editor/🦀️component.rs	1217	mismatched types
E0308	✏️s/🔌️plugins/🧩️puzzle/📦️packages/🦀️rust/././../../🗿️artifacts/◻2d/🏅️standards/🔖️1/🪆️subsets/✳️any/✏️editor/🦀️component.rs	1218	mismatched types
E0308	✏️s/🔌️plugins/🧩️puzzle/📦️packages/🦀️rust/././../../🗿️artifacts/◻2d/🏅️standards/🔖️1/🪆️subsets/✳️any/✏️editor/🦀️component.rs	1219	mismatched types
E0308	✏️s/🔌️plugins/🧩️puzzle/📦️packages/🦀️rust/././../../🗿️artifacts/◻2d/🏅️standards/🔖️1/🪆️subsets/✳️any/✏️editor/🦀️component.rs	1220	mismatched types
E0308	✏️s/🔌️plugins/🧩️puzzle/📦️packages/🦀️rust/././../../🗿️artifacts/◻2d/🏅️standards/🔖️1/🪆️subsets/✳️any/✏️editor/🦀️component.rs	1221	mismatched types
E0308	✏️s/🔌️plugins/🧩️puzzle/📦️packages/🦀️rust/././../../🗿️artifacts/◻2d/🏅️standards/🔖️1/🪆️subsets/✳️any/✏️editor/🦀️component.rs	1222	mismatched types
E0308	✏️s/🔌️plugins/🧩️puzzle/📦️packages/🦀️rust/././../../🗿️artifacts/◻2d/🏅️standards/🔖️1/🪆️subsets/✳️any/✏️editor/🦀️component.rs	1223	mismatched types
E0308	✏️s/🔌️plugins/🧩️puzzle/📦️packages/🦀️rust/././../../🗿️artifacts/◻2d/🏅️standards/🔖️1/🪆️subsets/✳️any/✏️editor/🦀️component.rs	1224	mismatched types
E0308	✏️s/🔌️plugins/🧩️puzzle/📦️packages/🦀️rust/././../../🗿️artifacts/◻2d/🏅️standards/🔖️1/🪆️subsets/✳️any/✏️editor/🦀️component.rs	1225	mismatched types
E0308	✏️s/🔌️plugins/🧩️puzzle/📦️packages/🦀️rust/././../../🗿️artifacts/◻2d/🏅️standards/🔖️1/🪆️subsets/✳️any/✏️editor/🦀️component.rs	1226	mismatched types
E0308	✏️s/🔌️plugins/🧩️puzzle/📦️packages/🦀️rust/././../../🗿️artifacts/◻2d/🏅️standards/🔖️1/🪆️subsets/✳️any/✏️editor/🦀️component.rs	1227	mismatched types
E0308	✏️s/🔌️plugins/🧩️puzzle/📦️packages/🦀️rust/././../../🗿️artifacts/◻2d/🏅️standards/🔖️1/🪆️subsets/✳️any/✏️editor/🦀️component.rs	1228	mismatched types
E0277	✏️s/🔌️plugins/🧩️puzzle/📦️packages/🦀️rust/././../../🗿️artifacts/◻2d/🏅️standards/🔖️1/🪆️subsets/✳️any/✏️editor/🦀️component.rs	1235	the trait bound `LocalizedLabel: From<impl Future<Output = LocalizedLabel>>` is not satisfied
E0308	✏️s/🔌️plugins/🧩️puzzle/📦️packages/🦀️rust/././../../🗿️artifacts/◻2d/🏅️standards/🔖️1/🪆️subsets/✳️any/✏️editor/🦀️component.rs	1241	mismatched types
E0308	✏️s/🔌️plugins/🧩️puzzle/📦️packages/🦀️rust/././../../🗿️artifacts/◻2d/🏅️standards/🔖️1/🪆️subsets/✳️any/✏️editor/🦀️component.rs	1242	mismatched types
E0308	✏️s/🔌️plugins/🧩️puzzle/📦️packages/🦀️rust/././../../🗿️artifacts/◻2d/🏅️standards/🔖️1/🪆️subsets/✳️any/✏️editor/🦀️component.rs	1244	mismatched types
E0277	✏️s/🔌️plugins/🧩️puzzle/📦️packages/🦀️rust/././../../🗿️artifacts/🧊️3d/🏅️standards/🔖️1/🪆️subsets/✳️any/📚️examples/🏗️nakagin-capsule-tower/🦀️component.rs	36	the trait bound `LocalizedLabel: From<impl Future<Output = LocalizedLabel>>` is not satisfied
E0277	✏️s/🔌️plugins/🧩️puzzle/📦️packages/🦀️rust/././././././../../🗿️artifacts/🖐️5d/🏅️standards/🔖️1/🪆️subsets/✳️any/✏️editor/🎭️modes/✏️edit/🪟️windows/🧊️3d/🦀️component.rs	88	the trait bound `impl Future<Output = std::string::String>: From<&str>` is not satisfied
E0308	✏️s/🔌️plugins/🧩️puzzle/📦️packages/🦀️rust/./././../../🗿️artifacts/🖐️5d/🏅️standards/🔖️1/🪆️subsets/✳️any/✏️editor/🎮️commands/🔄️translate-selection/🦀️component.rs	8	mismatched types
E0277	✏️s/🔌️plugins/🧩️puzzle/📦️packages/🦀️rust/././../../🗿️artifacts/🧊️3d/🏅️standards/🔖️1/🪆️subsets/✳️any/📚️examples/🏗️nakagin-capsule-tower/🦀️component.rs	36	the trait bound `std::string::String: From<impl Future<Output = std::string::String>>` is not satisfied
E0308	🧰️framework/🛍️products/💻️os/🔨️modules/🔌️plugin/📦️packages/🦀️rust/../../🦀️component.rs	17727	mismatched types
E0308	✏️s/🔌️plugins/🧩️puzzle/📦️packages/🦀️rust/././././././../../🗿️artifacts/🧊️3d/🏅️standards/🔖️1/🪆️subsets/✳️any/👁️viewer/🎭️modes/👁️view/🪟️windows/🧊️main/🦀️component.rs	47	mismatched types
E0277	✏️s/🔌️plugins/🧩️puzzle/📦️packages/🦀️rust/././../../🗿️artifacts/◻2d/🏅️standards/🔖️1/🪆️subsets/✳️any/📚️examples/🌲️concrete-forest/🦀️component.rs	40	the trait bound `LocalizedLabel: From<impl Future<Output = LocalizedLabel>>` is not satisfied
E0277	✏️s/🔌️plugins/🧩️puzzle/📦️packages/🦀️rust/././../../🗿️artifacts/◻2d/🏅️standards/🔖️1/🪆️subsets/✳️any/📚️examples/🌲️concrete-forest/🦀️component.rs	40	the trait bound `std::string::String: From<impl Future<Output = std::string::String>>` is not satisfied
E0277	✏️s/🔌️plugins/🧩️puzzle/📦️packages/🦀️rust/././../../🗿️artifacts/◻2d/🏅️standards/🔖️1/🪆️subsets/✳️any/📚️examples/🏗️nakagin-capsule-tower/🦀️component.rs	40	the trait bound `LocalizedLabel: From<impl Future<Output = LocalizedLabel>>` is not satisfied
E0277	✏️s/🔌️plugins/🧩️puzzle/📦️packages/🦀️rust/././../../🗿️artifacts/◻2d/🏅️standards/🔖️1/🪆️subsets/✳️any/📚️examples/🏗️nakagin-capsule-tower/🦀️component.rs	40	the trait bound `std::string::String: From<impl Future<Output = std::string::String>>` is not satisfied
E0277	✏️s/🔌️plugins/🧩️puzzle/📦️packages/🦀️rust/././../../🗿️artifacts/🧊️3d/🏅️standards/🔖️1/🪆️subsets/✳️any/📚️examples/🌲️concrete-forest/🦀️component.rs	36	the trait bound `LocalizedLabel: From<impl Future<Output = LocalizedLabel>>` is not satisfied
E0277	✏️s/🔌️plugins/🧩️puzzle/📦️packages/🦀️rust/././../../🗿️artifacts/🖐️5d/🏅️standards/🔖️1/🪆️subsets/✳️any/📚️examples/🌙️capsule-dream/🦀️component.rs	39	the trait bound `LocalizedLabel: From<impl Future<Output = LocalizedLabel>>` is not satisfied
E0277	✏️s/🔌️plugins/🧩️puzzle/📦️packages/🦀️rust/././../../🗿️artifacts/🧊️3d/🏅️standards/🔖️1/🪆️subsets/✳️any/📚️examples/🌲️concrete-forest/🦀️component.rs	36	the trait bound `std::string::String: From<impl Future<Output = std::string::String>>` is not satisfied
E0277	✏️s/🔌️plugins/🧩️puzzle/📦️packages/🦀️rust/././../../🗿️artifacts/🖐️5d/🏅️standards/🔖️1/🪆️subsets/✳️any/📚️examples/🌙️capsule-dream/🦀️component.rs	39	the trait bound `std::string::String: From<impl Future<Output = std::string::String>>` is not satisfied
E0277	✏️s/🔌️plugins/🧩️puzzle/📦️packages/🦀️rust/././../../🗿️artifacts/🖐️5d/🏅️standards/🔖️1/🪆️subsets/✳️any/📚️examples/🌲️concrete-forest/🦀️component.rs	36	the trait bound `LocalizedLabel: From<impl Future<Output = LocalizedLabel>>` is not satisfied
E0277	✏️s/🔌️plugins/🧩️puzzle/📦️packages/🦀️rust/././../../🗿️artifacts/🖐️5d/🏅️standards/🔖️1/🪆️subsets/✳️any/📚️examples/🌲️concrete-forest/🦀️component.rs	36	the trait bound `std::string::String: From<impl Future<Output = std::string::String>>` is not satisfied
E0308	✏️s/🔌️plugins/🧩️puzzle/📦️packages/🦀️rust/./././../../🗿️artifacts/🖐️5d/🏅️standards/🔖️1/🪆️subsets/✳️any/✏️editor/🎮️commands/🎥️zoom-to-selection/🦀️component.rs	10	mismatched types
E0277	✏️s/🔌️plugins/🧩️puzzle/📦️packages/🦀️rust/././../../🗿️artifacts/🖐️5d/🏅️standards/🔖️1/🪆️subsets/✳️any/📚️examples/🏗️nakagin-capsule-tower/🦀️component.rs	36	the trait bound `LocalizedLabel: From<impl Future<Output = LocalizedLabel>>` is not satisfied
E0308	✏️s/🔌️plugins/🧩️puzzle/📦️packages/🦀️rust/./././../../🗿️artifacts/🖐️5d/🏅️standards/🔖️1/🪆️subsets/✳️any/✏️editor/🎮️commands/🔄️rotate-selection/🦀️component.rs	10	mismatched types
E0277	✏️s/🔌️plugins/🧩️puzzle/📦️packages/🦀️rust/././../../🗿️artifacts/🖐️5d/🏅️standards/🔖️1/🪆️subsets/✳️any/📚️examples/🏗️nakagin-capsule-tower/🦀️component.rs	36	the trait bound `std::string::String: From<impl Future<Output = std::string::String>>` is not satisfied
E0277	✏️s/🔌️plugins/🧩️puzzle/📦️packages/🦀️rust/././../../🗿️artifacts/◻2d/🏅️standards/🔖️1/🪆️subsets/✳️any/✏️editor/📚️examples/🎬️demo-session/🦀️component.rs	22	the trait bound `LocalizedLabel: From<impl Future<Output = LocalizedLabel>>` is not satisfied
E0277	✏️s/🔌️plugins/🧩️puzzle/📦️packages/🦀️rust/././../../🗿️artifacts/🧊️3d/🏅️standards/🔖️1/🪆️subsets/✳️any/✏️editor/📚️examples/🎬️demo-session/🦀️component.rs	22	the trait bound `LocalizedLabel: From<impl Future<Output = LocalizedLabel>>` is not satisfied
E0308	✏️s/🔌️plugins/🧩️puzzle/📦️packages/🦀️rust/./././../../🗿️artifacts/🖐️5d/🏅️standards/🔖️1/🪆️subsets/✳️any/✏️editor/🎮️commands/🔄️scale-selection/🦀️component.rs	9	mismatched types
E0277	✏️s/🔌️plugins/🧩️puzzle/📦️packages/🦀️rust/././../../🗿️artifacts/🖐️5d/🏅️standards/🔖️1/🪆️subsets/✳️any/✏️editor/📚️examples/🎬️demo-session/🦀️component.rs	22	the trait bound `LocalizedLabel: From<impl Future<Output = LocalizedLabel>>` is not satisfied
E0599	✏️s/🔌️plugins/🧩️puzzle/📦️packages/🦀️rust/./././../../🗿️artifacts/🖐️5d/🏅️standards/🔖️1/🪆️subsets/✳️any/✏️editor/🎮️commands/🖌️cycle-brush-candidate/🦀️component.rs	11	no method named `first` found for opaque type `impl Future<Output = Vec<std::string::String>>` in the current scope
E0277	✏️s/🔌️plugins/🧩️puzzle/📦️packages/🦀️rust/./././../../🗿️artifacts/🖐️5d/🏅️standards/🔖️1/🪆️subsets/✳️any/✏️editor/🎮️commands/🖌️cycle-brush-candidate/🦀️component.rs	11	the size for values of type `str` cannot be known at compilation time
E0308	✏️s/🔌️plugins/🧩️puzzle/📦️packages/🦀️rust/./././../../🗿️artifacts/🖐️5d/🏅️standards/🔖️1/🪆️subsets/✳️any/✏️editor/🎮️commands/🧩️delete-selection/🦀️component.rs	10	mismatched types
E0308	✏️s/🔌️plugins/🧩️puzzle/📦️packages/🦀️rust/./././../../🗿️artifacts/🖐️5d/🏅️standards/🔖️1/🪆️subsets/✳️any/✏️editor/🎮️commands/🧩️delete-selection/🦀️component.rs	11	mismatched types
E0599	✏️s/🔌️plugins/🧩️puzzle/📦️packages/🦀️rust/./././../../🗿️artifacts/🖐️5d/🏅️standards/🔖️1/🪆️subsets/✳️any/✏️editor/🎮️commands/🗂️select-same-kind/🦀️component.rs	11	no method named `first` found for opaque type `impl Future<Output = Vec<std::string::String>>` in the current scope
E0599	✏️s/🔌️plugins/🧩️puzzle/📦️packages/🦀️rust/./././../../🗿️artifacts/🖐️5d/🏅️standards/🔖️1/🪆️subsets/✳️any/✏️editor/🎮️commands/🎥️zoom-to-selection/🦀️component.rs	18	no method named `contains` found for opaque type `impl Future<Output = Vec<std::string::String>>` in the current scope
E0599	✏️s/🔌️plugins/🧩️puzzle/📦️packages/🦀️rust/./././../../🗿️artifacts/🖐️5d/🏅️standards/🔖️1/🪆️subsets/✳️any/✏️editor/🎮️commands/🖌️add-brush-part/🦀️component.rs	18	no method named `first` found for opaque type `impl Future<Output = Vec<std::string::String>>` in the current scope
E0308	✏️s/🔌️plugins/🧩️puzzle/📦️packages/🦀️rust/./././../../🗿️artifacts/🖐️5d/🏅️standards/🔖️1/🪆️subsets/✳️any/✏️editor/🎮️commands/🖌️add-brush-part/🦀️component.rs	23	mismatched types
E0308	✏️s/🔌️plugins/🧩️puzzle/📦️packages/🦀️rust/./././././././../../🗿️artifacts/🖐️5d/🏅️standards/🔖️1/🪆️subsets/✳️any/✏️editor/🎭️modes/✏️edit/🪟️windows/◻2d/🪛️utilities/🖌️brush/🦀️component.rs	15	mismatched types
E0308	✏️s/🔌️plugins/🧩️puzzle/📦️packages/🦀️rust/./././././././../../🗿️artifacts/🖐️5d/🏅️standards/🔖️1/🪆️subsets/✳️any/✏️editor/🎭️modes/✏️edit/🪟️windows/◻2d/🪛️utilities/🪣️fill/🦀️component.rs	15	mismatched types
E0308	✏️s/🔌️plugins/🧩️puzzle/📦️packages/🦀️rust/./././././././../../🗿️artifacts/🖐️5d/🏅️standards/🔖️1/🪆️subsets/✳️any/✏️editor/🎭️modes/✏️edit/🪟️windows/◻2d/🪛️utilities/🖱️select/🦀️component.rs	11	mismatched types
E0599	✏️s/🔌️plugins/🧩️puzzle/📦️packages/🦀️rust/./././../../🗿️artifacts/🖐️5d/🏅️standards/🔖️1/🪆️subsets/✳️any/✏️editor/🎮️commands/🧩️delete-selection/🦀️component.rs	12	no method named `contains` found for opaque type `impl Future<Output = Vec<std::string::String>>` in the current scope
E0599	✏️s/🔌️plugins/🧩️puzzle/📦️packages/🦀️rust/./././../../🗿️artifacts/🖐️5d/🏅️standards/🔖️1/🪆️subsets/✳️any/✏️editor/🎮️commands/🧩️set-selection-flag/🦀️component.rs	12	no method named `contains` found for opaque type `impl Future<Output = Vec<std::string::String>>` in the current scope
E0308	✏️s/🔌️plugins/🧩️puzzle/📦️packages/🦀️rust/./././././././../../🗿️artifacts/🧊️3d/🏅️standards/🔖️1/🪆️subsets/✳️any/✏️editor/🎭️modes/✏️edit/🪟️windows/🧊️main/🪛️utilities/🚚️world-relocate/🦀️component.rs	12	mismatched types
E0308	✏️s/🔌️plugins/🧩️puzzle/📦️packages/🦀️rust/././../../🗿️artifacts/🖐️5d/🏅️standards/🔖️1/🪆️subsets/✳️any/✏️editor/🦀️component.rs	92	mismatched types
E0599	✏️s/🔌️plugins/🧩️puzzle/📦️packages/🦀️rust/./././../../🗿️artifacts/🖐️5d/🏅️standards/🔖️1/🪆️subsets/✳️any/✏️editor/🎮️commands/🧩️duplicate-selection/🦀️component.rs	17	no method named `contains` found for opaque type `impl Future<Output = Vec<std::string::String>>` in the current scope
E0308	✏️s/🔌️plugins/🧩️puzzle/📦️packages/🦀️rust/././././../../🗿️artifacts/🧊️3d/🏅️standards/🔖️1/🪆️subsets/✳️any/✏️editor/🎭️modes/✏️edit/🦀️component.rs	15	mismatched types
E0277	/Users/ueli/.cargo/registry/src/index.crates.io-1949cf8c6b5b557f/serde_json-1.0.149/src/macros.rs	279	the trait bound `impl Future<Output = std::string::String>: serde::Serialize` is not satisfied
E0277	/Users/ueli/.cargo/registry/src/index.crates.io-1949cf8c6b5b557f/serde_json-1.0.149/src/macros.rs	279	the trait bound `impl Future<Output = std::string::String>: serde::Serialize` is not satisfied
E0308	✏️s/🔌️plugins/🧩️puzzle/📦️packages/🦀️rust/./././././../../🗿️artifacts/🧊️3d/🏅️standards/🔖️1/🪆️subsets/✳️any/✏️editor/🎭️modes/✏️edit/🎚️options/🎥️projection/🦀️component.rs	12	mismatched types
E0308	✏️s/🔌️plugins/🧩️puzzle/📦️packages/🦀️rust/./././../../🗿️artifacts/🧊️3d/🏅️standards/🔖️1/🪆️subsets/✳️any/✏️editor/🎮️commands/🎥️set-projection/🦀️component.rs	13	mismatched types
E0308	✏️s/🔌️plugins/🧩️puzzle/📦️packages/🦀️rust/././././././../../🗿️artifacts/🖐️5d/🏅️standards/🔖️1/🪆️subsets/✳️any/✏️editor/🎭️modes/✏️edit/🪟️windows/🧊️3d/🦀️component.rs	106	mismatched types
E0308	✏️s/🔌️plugins/🧩️puzzle/📦️packages/🦀️rust/./././../../🗿️artifacts/🧊️3d/🏅️standards/🔖️1/🪆️subsets/✳️any/✏️editor/🎮️commands/🎥️set-projection/🦀️component.rs	15	mismatched types
E0308	✏️s/🔌️plugins/🧩️puzzle/📦️packages/🦀️rust/././././././../../🗿️artifacts/🧊️3d/🏅️standards/🔖️1/🪆️subsets/✳️any/👁️viewer/🎭️modes/👁️view/🪟️windows/🧊️main/🦀️component.rs	71	mismatched types
E0308	✏️s/🔌️plugins/🧩️puzzle/📦️packages/🦀️rust/./././../../🗿️artifacts/🧊️3d/🏅️standards/🔖️1/🪆️subsets/✳️any/✏️editor/🎮️commands/🤝️engagement-submit/🦀️component.rs	10	mismatched types
E0308	✏️s/🔌️plugins/🧩️puzzle/📦️packages/🦀️rust/./././././../../🗿️artifacts/🧊️3d/🏅️standards/🔖️1/🪆️subsets/✳️any/✏️editor/🎭️modes/✏️edit/🎚️options/☀️sun/🦀️component.rs	11	mismatched types
E0308	✏️s/🔌️plugins/🧩️puzzle/📦️packages/🦀️rust/././././././../../🗿️artifacts/🧊️3d/🏅️standards/🔖️1/🪆️subsets/✳️any/👁️viewer/🎭️modes/👁️view/🪟️windows/🧊️main/🦀️component.rs	80	mismatched types
E0308	✏️s/🔌️plugins/🧩️puzzle/📦️packages/🦀️rust/./././././././../../🗿️artifacts/🖐️5d/🏅️standards/🔖️1/🪆️subsets/✳️any/✏️editor/🎭️modes/✏️edit/🪟️windows/🧊️3d/🎚️options/☀️sun/🦀️component.rs	12	mismatched types
E0308	✏️s/🔌️plugins/🧩️puzzle/📦️packages/🦀️rust/././././././../../🗿️artifacts/🧊️3d/🏅️standards/🔖️1/🪆️subsets/✳️any/👁️viewer/🎭️modes/👁️view/🪟️windows/🧊️main/🦀️component.rs	81	mismatched types
E0308	✏️s/🔌️plugins/🧩️puzzle/📦️packages/🦀️rust/./././././../../🗿️artifacts/🧊️3d/🏅️standards/🔖️1/🪆️subsets/✳️any/✏️editor/🎭️modes/✏️edit/🛠️tools/🪣️fill/🦀️component.rs	19	mismatched types
E0308	✏️s/🔌️plugins/🧩️puzzle/📦️packages/🦀️rust/./././././././../../🗿️artifacts/🖐️5d/🏅️standards/🔖️1/🪆️subsets/✳️any/✏️editor/🎭️modes/✏️edit/🪟️windows/🧊️3d/🪛️utilities/🔄️transform/🦀️component.rs	17	mismatched types
E0277	✏️s/🔌️plugins/🧩️puzzle/📦️packages/🦀️rust/././././././../../🗿️artifacts/🖐️5d/🏅️standards/🔖️1/🪆️subsets/✳️any/👁️viewer/🎭️modes/👁️view/🪟️windows/🧊️3d/🦀️component.rs	43	the trait bound `impl Future<Output = std::string::String>: From<&str>` is not satisfied
E0308	✏️s/🔌️plugins/🧩️puzzle/📦️packages/🦀️rust/./././././././../../🗿️artifacts/🖐️5d/🏅️standards/🔖️1/🪆️subsets/✳️any/✏️editor/🎭️modes/✏️edit/🪟️windows/🧊️3d/🪛️utilities/🔄️transform/🦀️component.rs	22	mismatched types
E0308	✏️s/🔌️plugins/🧩️puzzle/📦️packages/🦀️rust/././././././../../🗿️artifacts/🧊️3d/🏅️standards/🔖️1/🪆️subsets/✳️any/✏️editor/🎭️modes/✏️edit/🪟️windows/🧊️main/🦀️component.rs	121	mismatched types
E0308	✏️s/🔌️plugins/🧩️puzzle/📦️packages/🦀️rust/./././././././../../🗿️artifacts/🖐️5d/🏅️standards/🔖️1/🪆️subsets/✳️any/✏️editor/🎭️modes/✏️edit/🪟️windows/🧊️3d/🪛️utilities/🔄️transform/🦀️component.rs	27	mismatched types
E0308	✏️s/🔌️plugins/🧩️puzzle/📦️packages/🦀️rust/././././././../../🗿️artifacts/🖐️5d/🏅️standards/🔖️1/🪆️subsets/✳️any/👁️viewer/🎭️modes/👁️view/🪟️windows/🧊️3d/🦀️component.rs	43	mismatched types
E0277	✏️s/🔌️plugins/🧩️puzzle/📦️packages/🦀️rust/././././././../../🗿️artifacts/🧊️3d/🏅️standards/🔖️1/🪆️subsets/✳️any/✏️editor/🎭️modes/✏️edit/🪟️windows/🧊️main/🦀️component.rs	132	the trait bound `impl Future<Output = std::string::String>: From<&str>` is not satisfied
E0308	✏️s/🔌️plugins/🧩️puzzle/📦️packages/🦀️rust/./././././././../../🗿️artifacts/🖐️5d/🏅️standards/🔖️1/🪆️subsets/✳️any/✏️editor/🎭️modes/✏️edit/🪟️windows/🧊️3d/🪛️utilities/🚚️world-relocate/🦀️component.rs	11	mismatched types
E0308	✏️s/🔌️plugins/🧩️puzzle/📦️packages/🦀️rust/././././././../../🗿️artifacts/🖐️5d/🏅️standards/🔖️1/🪆️subsets/✳️any/👁️viewer/🎭️modes/👁️view/🪟️windows/🧊️3d/🦀️component.rs	51	mismatched types
E0308	✏️s/🔌️plugins/🧩️puzzle/📦️packages/🦀️rust/././././././../../🗿️artifacts/🖐️5d/🏅️standards/🔖️1/🪆️subsets/✳️any/👁️viewer/🎭️modes/👁️view/🪟️windows/🧊️3d/🦀️component.rs	77	mismatched types
E0308	✏️s/🔌️plugins/🧩️puzzle/📦️packages/🦀️rust/././././././../../🗿️artifacts/◻2d/🏅️standards/🔖️1/🪆️subsets/✳️any/👁️viewer/🎭️modes/👁️view/🪟️windows/🎲️board/🦀️component.rs	90	mismatched types
E0308	✏️s/🔌️plugins/🧩️puzzle/📦️packages/🦀️rust/././././././../../🗿️artifacts/◻2d/🏅️standards/🔖️1/🪆️subsets/✳️any/🦀️component.rs	71	mismatched types
E0599	✏️s/🔌️plugins/🧩️puzzle/📦️packages/🦀️rust/././../../🗿️artifacts/🖐️5d/🏅️standards/🔖️1/🪆️subsets/✳️any/✏️editor/🦀️component.rs	1119	no method named `action` found for opaque type `impl Future<Output = semio_framework_plugin::Menu<'_>>` in the current scope
E0277	✏️s/🔌️plugins/🧩️puzzle/📦️packages/🦀️rust/././../../🗿️artifacts/🖐️5d/🏅️standards/🔖️1/🪆️subsets/✳️any/✏️editor/🦀️component.rs	1132	`impl Future<Output = std::string::String>` doesn't implement `std::fmt::Display`
E0308	✏️s/🔌️plugins/🧩️puzzle/📦️packages/🦀️rust/././../../🗿️artifacts/🧊️3d/🏅️standards/🔖️1/🪆️subsets/✳️any/✏️editor/🦀️component.rs	2054	mismatched types
E0308	✏️s/🔌️plugins/🧩️puzzle/📦️packages/🦀️rust/././../../🗿️artifacts/🧊️3d/🏅️standards/🔖️1/🪆️subsets/✳️any/✏️editor/🦀️component.rs	2117	mismatched types
E0609	✏️s/🔌️plugins/🧩️puzzle/📦️packages/🦀️rust/././../../🗿️artifacts/🧊️3d/🏅️standards/🔖️1/🪆️subsets/✳️any/✏️editor/🦀️component.rs	2124	no field `granularity` on type `impl Future<Output = &DomainSelection>`
E0609	✏️s/🔌️plugins/🧩️puzzle/📦️packages/🦀️rust/././../../🗿️artifacts/🧊️3d/🏅️standards/🔖️1/🪆️subsets/✳️any/✏️editor/🦀️component.rs	2125	no field `ids` on type `impl Future<Output = &DomainSelection>`
E0609	✏️s/🔌️plugins/🧩️puzzle/📦️packages/🦀️rust/././../../🗿️artifacts/🧊️3d/🏅️standards/🔖️1/🪆️subsets/✳️any/✏️editor/🦀️component.rs	2126	no field `granularity` on type `impl Future<Output = &DomainSelection>`
E0609	✏️s/🔌️plugins/🧩️puzzle/📦️packages/🦀️rust/././../../🗿️artifacts/🧊️3d/🏅️standards/🔖️1/🪆️subsets/✳️any/✏️editor/🦀️component.rs	2127	no field `ids` on type `impl Future<Output = &DomainSelection>`
E0308	✏️s/🔌️plugins/🧩️puzzle/📦️packages/🦀️rust/././../../🗿️artifacts/🧊️3d/🏅️standards/🔖️1/🪆️subsets/✳️any/✏️editor/🦀️component.rs	2258	`match` arms have incompatible types
E0609	✏️s/🔌️plugins/🧩️puzzle/📦️packages/🦀️rust/././../../🗿️artifacts/🧊️3d/🏅️standards/🔖️1/🪆️subsets/✳️any/✏️editor/🦀️component.rs	1792	no field `granularity` on type `impl Future<Output = &DomainSelection>`
E0609	✏️s/🔌️plugins/🧩️puzzle/📦️packages/🦀️rust/././../../🗿️artifacts/🧊️3d/🏅️standards/🔖️1/🪆️subsets/✳️any/✏️editor/🦀️component.rs	1793	no field `ids` on type `impl Future<Output = &DomainSelection>`
E0277	/Users/ueli/.cargo/registry/src/index.crates.io-1949cf8c6b5b557f/serde_json-1.0.149/src/macros.rs	279	the trait bound `impl Future<Output = std::string::String>: serde::Serialize` is not satisfied
E0308	✏️s/🔌️plugins/🧩️puzzle/📦️packages/🦀️rust/././././././../../🗿️artifacts/🧊️3d/🏅️standards/🔖️1/🪆️subsets/✳️any/✏️editor/🎭️modes/✏️edit/🪟️windows/🧊️main/🦀️component.rs	171	mismatched types
E0308	✏️s/🔌️plugins/🧩️puzzle/📦️packages/🦀️rust/././../../🗿️artifacts/🧊️3d/🏅️standards/🔖️1/🪆️subsets/✳️any/✏️editor/🦀️component.rs	113	mismatched types
E0599	✏️s/🔌️plugins/🧩️puzzle/📦️packages/🦀️rust/././../../🗿️artifacts/🧊️3d/🏅️standards/🔖️1/🪆️subsets/✳️any/✏️editor/🦀️component.rs	2508	no method named `with_ports` found for opaque type `impl Future<Output = AppIo>` in the current scope
E0599	✏️s/🔌️plugins/🧩️puzzle/📦️packages/🦀️rust/././../../🗿️artifacts/🧊️3d/🏅️standards/🔖️1/🪆️subsets/✳️any/✏️editor/🦀️component.rs	1876	no method named `item` found for opaque type `impl Future<Output = semio_framework_plugin::Menu<'_>>` in the current scope
E0308	✏️s/🔌️plugins/🧩️puzzle/📦️packages/🦀️rust/./././././../../🗿️artifacts/◻2d/🏅️standards/🔖️1/🪆️subsets/✳️any/✏️editor/🎭️modes/✏️edit/🛠️tools/🪣️fill/🦀️component.rs	16	mismatched types
E0599	✏️s/🔌️plugins/🧩️puzzle/📦️packages/🦀️rust/././././././../../🗿️artifacts/🧊️3d/🏅️standards/🔖️1/🪆️subsets/✳️any/✏️editor/🎭️modes/✏️edit/🪟️windows/🧊️main/🦀️component.rs	174	no method named `contains` found for opaque type `impl Future<Output = std::string::String>` in the current scope
E0308	✏️s/🔌️plugins/🧩️puzzle/📦️packages/🦀️rust/././../../🗿️artifacts/🧊️3d/🏅️standards/🔖️1/🪆️subsets/✳️any/✏️editor/🦀️component.rs	2587	mismatched types
E0308	✏️s/🔌️plugins/🧩️puzzle/📦️packages/🦀️rust/././././././../../🗿️artifacts/🧊️3d/🏅️standards/🔖️1/🪆️subsets/✳️any/✏️editor/🎭️modes/✏️edit/🪟️windows/🧊️main/🦀️component.rs	176	mismatched types
E0308	✏️s/🔌️plugins/🧩️puzzle/📦️packages/🦀️rust/././././././../../🗿️artifacts/🧊️3d/🏅️standards/🔖️1/🪆️subsets/✳️any/✏️editor/🎭️modes/✏️edit/🪟️windows/🧊️main/🦀️component.rs	177	mismatched types
E0308	✏️s/🔌️plugins/🧩️puzzle/📦️packages/🦀️rust/././././././../../🗿️artifacts/◻2d/🏅️standards/🔖️1/🪆️subsets/✳️any/✏️editor/🎭️modes/✏️edit/🪟️windows/👁️overview/🦀️component.rs	27	mismatched types
E0308	✏️s/🔌️plugins/🧩️puzzle/📦️packages/🦀️rust/./././../../🗿️artifacts/◻2d/🏅️standards/🔖️1/🪆️subsets/✳️any/✏️editor/🎮️commands/🗂️set-selection-flag/🦀️component.rs	10	mismatched types
E0308	✏️s/🔌️plugins/🧩️puzzle/📦️packages/🦀️rust/./././././././../../🗿️artifacts/◻2d/🏅️standards/🔖️1/🪆️subsets/✳️any/✏️editor/🎭️modes/✏️edit/🪟️windows/👁️overview/🪛️utilities/🖌️brush/🦀️component.rs	11	mismatched types
E0308	✏️s/🔌️plugins/🧩️puzzle/📦️packages/🦀️rust/./././././././../../🗿️artifacts/◻2d/🏅️standards/🔖️1/🪆️subsets/✳️any/✏️editor/🎭️modes/✏️edit/🪟️windows/👁️overview/🪛️utilities/🖱️select/🦀️component.rs	11	mismatched types
E0277	✏️s/🔌️plugins/🧩️puzzle/📦️packages/🦀️rust/./././../../🗿️artifacts/◻2d/🏅️standards/🔖️1/🪆️subsets/✳️any/✏️editor/📌️panels/🛍️catalogue/🦀️component.rs	82	the trait bound `semio_framework_plugin::plugin_app_close_prelude::Label: From<LabelText>` is not satisfied
E0308	✏️s/🔌️plugins/🧩️puzzle/📦️packages/🦀️rust/./././../../🗿️artifacts/◻2d/🏅️standards/🔖️1/🪆️subsets/✳️any/✏️editor/📌️panels/🛍️catalogue/🦀️component.rs	82	mismatched types
E0308	✏️s/🔌️plugins/🧩️puzzle/📦️packages/🦀️rust/./././././../../🗿️artifacts/◻2d/🏅️standards/🔖️1/🪆️subsets/✳️any/✏️editor/🎭️modes/✏️edit/🪟️windows/🔍️detail/🦀️component.rs	22	mismatched types
E0308	✏️s/🔌️plugins/🧩️puzzle/📦️packages/🦀️rust/././../../🗿️artifacts/🧊️3d/🏅️standards/🔖️1/🪆️subsets/✳️any/✏️editor/🦀️component.rs	2588	mismatched types
E0277	✏️s/🔌️plugins/🧩️puzzle/📦️packages/🦀️rust/./././../../🗿️artifacts/◻2d/🏅️standards/🔖️1/🪆️subsets/✳️any/✏️editor/📌️panels/📄️artifact/🦀️component.rs	46	the trait bound `semio_framework_plugin::plugin_app_close_prelude::Label: From<semio_framework_plugin::Label>` is not satisfied
E0308	✏️s/🔌️plugins/🧩️puzzle/📦️packages/🦀️rust/././././././../../🗿️artifacts/🧊️3d/🏅️standards/🔖️1/🪆️subsets/✳️any/✏️editor/🎭️modes/✏️edit/🪟️windows/🧊️main/🦀️component.rs	179	mismatched types
E0308	✏️s/🔌️plugins/🧩️puzzle/📦️packages/🦀️rust/./././../../🗿️artifacts/◻2d/🏅️standards/🔖️1/🪆️subsets/✳️any/✏️editor/📌️panels/📄️artifact/🦀️component.rs	46	mismatched types
E0308	✏️s/🔌️plugins/🧩️puzzle/📦️packages/🦀️rust/./././../../🗿️artifacts/◻2d/🏅️standards/🔖️1/🪆️subsets/✳️any/✏️editor/⚙️engine/🔣️icons/🦀️component.rs	13	mismatched types
E0308	✏️s/🔌️plugins/🧩️puzzle/📦️packages/🦀️rust/./././././../../🗿️artifacts/◻2d/🏅️standards/🔖️1/🪆️subsets/✳️any/✏️editor/🎭️modes/✏️edit/🪟️windows/🎯️selection/🦀️component.rs	22	mismatched types
E0308	✏️s/🔌️plugins/🧩️puzzle/📦️packages/🦀️rust/././././././../../🗿️artifacts/🧊️3d/🏅️standards/🔖️1/🪆️subsets/✳️any/✏️editor/🎭️modes/✏️edit/🪟️windows/🧊️main/🦀️component.rs	179	mismatched types
E0277	✏️s/🔌️plugins/🧩️puzzle/📦️packages/🦀️rust/./././../../🗿️artifacts/◻2d/🏅️standards/🔖️1/🪆️subsets/✳️any/✏️editor/📌️panels/📄️artifact/🦀️component.rs	48	a value of type `Vec<UiTreeItemNode>` cannot be built from an iterator over elements of type `BuiltNode`
E0277	✏️s/🔌️plugins/🧩️puzzle/📦️packages/🦀️rust/./././../../🗿️artifacts/◻2d/🏅️standards/🔖️1/🪆️subsets/✳️any/✏️editor/📌️panels/📄️artifact/🦀️component.rs	53	the trait bound `semio_framework_plugin::plugin_app_close_prelude::Label: From<semio_framework_plugin::Label>` is not satisfied
E0277	✏️s/🔌️plugins/🧩️puzzle/📦️packages/🦀️rust/././././././././../../🗿️artifacts/◻2d/🏅️standards/🔖️1/🪆️subsets/✳️any/🧬️schema/🧬️mutations/🦀️component.rs	239	the `?` operator can only be applied to values that implement `Try`
E0308	✏️s/🔌️plugins/🧩️puzzle/📦️packages/🦀️rust/./././../../🗿️artifacts/◻2d/🏅️standards/🔖️1/🪆️subsets/✳️any/✏️editor/📌️panels/📄️artifact/🦀️component.rs	53	mismatched types
E0599	✏️s/🔌️plugins/🧩️puzzle/📦️packages/🦀️rust/././../../🗿️artifacts/🧊️3d/🏅️standards/🔖️1/🪆️subsets/✳️any/✏️editor/🦀️component.rs	1890	no method named `item` found for opaque type `impl Future<Output = semio_framework_plugin::Menu<'_>>` in the current scope
E0277	✏️s/🔌️plugins/🧩️puzzle/📦️packages/🦀️rust/./././../../🗿️artifacts/◻2d/🏅️standards/🔖️1/🪆️subsets/✳️any/✏️editor/📌️panels/📄️artifact/🦀️component.rs	55	a value of type `Vec<UiTreeItemNode>` cannot be built from an iterator over elements of type `BuiltNode`
E0308	✏️s/🔌️plugins/🧩️puzzle/📦️packages/🦀️rust/././../../🗿️artifacts/🧊️3d/🏅️standards/🔖️1/🪆️subsets/✳️any/✏️editor/🦀️component.rs	2594	mismatched types
E0277	✏️s/🔌️plugins/🧩️puzzle/📦️packages/🦀️rust/./././../../🗿️artifacts/◻2d/🏅️standards/🔖️1/🪆️subsets/✳️any/✏️editor/📌️panels/📄️artifact/🦀️component.rs	57	the trait bound `semio_framework_plugin::plugin_app_close_prelude::Label: From<LabelText>` is not satisfied
E0277	✏️s/🔌️plugins/🧩️puzzle/📦️packages/🦀️rust/./././../../🗿️artifacts/◻2d/🏅️standards/🔖️1/🪆️subsets/✳️any/✏️editor/📌️panels/📄️artifact/🦀️component.rs	57	the trait bound `semio_framework_plugin::plugin_app_close_prelude::Label: From<LabelText>` is not satisfied
E0308	✏️s/🔌️plugins/🧩️puzzle/📦️packages/🦀️rust/././././././../../🗿️artifacts/🧊️3d/🏅️standards/🔖️1/🪆️subsets/✳️any/✏️editor/🎭️modes/✏️edit/🪟️windows/🧊️main/🦀️component.rs	181	mismatched types
E0308	✏️s/🔌️plugins/🧩️puzzle/📦️packages/🦀️rust/./././../../🗿️artifacts/◻2d/🏅️standards/🔖️1/🪆️subsets/✳️any/✏️editor/🎮️commands/🗂️delete-selection/🦀️component.rs	8	mismatched types
E0308	✏️s/🔌️plugins/🧩️puzzle/📦️packages/🦀️rust/./././../../🗿️artifacts/◻2d/🏅️standards/🔖️1/🪆️subsets/✳️any/✏️editor/🎮️commands/🗂️duplicate-selection/🦀️component.rs	10	mismatched types
E0308	✏️s/🔌️plugins/🧩️puzzle/📦️packages/🦀️rust/././../../🗿️artifacts/🧊️3d/🏅️standards/🔖️1/🪆️subsets/✳️any/✏️editor/🦀️component.rs	2599	mismatched types
E0308	✏️s/🔌️plugins/🧩️puzzle/📦️packages/🦀️rust/./././../../🗿️artifacts/◻2d/🏅️standards/🔖️1/🪆️subsets/✳️any/✏️editor/📌️panels/📄️artifact/🦀️component.rs	57	mismatched types
E0277	✏️s/🔌️plugins/🧩️puzzle/📦️packages/🦀️rust/./././../../🗿️artifacts/◻2d/🏅️standards/🔖️1/🪆️subsets/✳️any/✏️editor/📌️panels/📄️artifact/🦀️component.rs	58	the trait bound `semio_framework_plugin::plugin_app_close_prelude::Label: From<LabelText>` is not satisfied
E0277	✏️s/🔌️plugins/🧩️puzzle/📦️packages/🦀️rust/./././../../🗿️artifacts/◻2d/🏅️standards/🔖️1/🪆️subsets/✳️any/✏️editor/📌️panels/📄️artifact/🦀️component.rs	58	the trait bound `semio_framework_plugin::plugin_app_close_prelude::Label: From<LabelText>` is not satisfied
E0308	✏️s/🔌️plugins/🧩️puzzle/📦️packages/🦀️rust/./././././././../../🗿️artifacts/🧊️3d/🏅️standards/🔖️1/🪆️subsets/✳️any/✏️editor/🎭️modes/✏️edit/🪟️windows/🧊️main/🪛️utilities/🖌️brush/🦀️component.rs	15	mismatched types
E0308	✏️s/🔌️plugins/🧩️puzzle/📦️packages/🦀️rust/././../../🗿️artifacts/🧊️3d/🏅️standards/🔖️1/🪆️subsets/✳️any/✏️editor/🦀️component.rs	2601	mismatched types
E0308	✏️s/🔌️plugins/🧩️puzzle/📦️packages/🦀️rust/./././././././../../🗿️artifacts/🧊️3d/🏅️standards/🔖️1/🪆️subsets/✳️any/✏️editor/🎭️modes/✏️edit/🪟️windows/🧊️main/🪛️utilities/🔄️transform/🦀️component.rs	15	mismatched types
E0308	✏️s/🔌️plugins/🧩️puzzle/📦️packages/🦀️rust/./././././././../../🗿️artifacts/🧊️3d/🏅️standards/🔖️1/🪆️subsets/✳️any/✏️editor/🎭️modes/✏️edit/🪟️windows/🧊️main/🪛️utilities/🧊️volume-brush/🦀️component.rs	15	mismatched types
E0308	✏️s/🔌️plugins/🧩️puzzle/📦️packages/🦀️rust/./././../../🗿️artifacts/◻2d/🏅️standards/🔖️1/🪆️subsets/✳️any/✏️editor/📌️panels/📄️artifact/🦀️component.rs	58	mismatched types
E0308	✏️s/🔌️plugins/🧩️puzzle/📦️packages/🦀️rust/./././../../🗿️artifacts/◻2d/🏅️standards/🔖️1/🪆️subsets/✳️any/✏️editor/📌️panels/📄️artifact/🦀️component.rs	56	mismatched types
E0308	✏️s/🔌️plugins/🧩️puzzle/📦️packages/🦀️rust/././../../🗿️artifacts/🧊️3d/🏅️standards/🔖️1/🪆️subsets/✳️any/✏️editor/🦀️component.rs	2602	mismatched types
E0308	✏️s/🔌️plugins/🧩️puzzle/📦️packages/🦀️rust/././././../../🗿️artifacts/◻2d/🏅️standards/🔖️1/🪆️subsets/✳️any/✏️editor/🎭️modes/✏️edit/🦀️component.rs	19	mismatched types
E0599	✏️s/🔌️plugins/🧩️puzzle/📦️packages/🦀️rust/././../../🗿️artifacts/🧊️3d/🏅️standards/🔖️1/🪆️subsets/✳️any/✏️editor/🦀️component.rs	1892	no method named `item` found for opaque type `impl Future<Output = semio_framework_plugin::Menu<'_>>` in the current scope
E0308	✏️s/🔌️plugins/🧩️puzzle/📦️packages/🦀️rust/././../../🗿️artifacts/🧊️3d/🏅️standards/🔖️1/🪆️subsets/✳️any/✏️editor/🦀️component.rs	2613	mismatched types
E0599	✏️s/🔌️plugins/🧩️puzzle/📦️packages/🦀️rust/./././../../🗿️artifacts/◻2d/🏅️standards/🔖️1/🪆️subsets/✳️any/✏️editor/🎮️commands/🎥️focus-selection/🦀️component.rs	9	no method named `is_empty` found for opaque type `impl Future<Output = Vec<std::string::String>>` in the current scope
E0308	✏️s/🔌️plugins/🧩️puzzle/📦️packages/🦀️rust/././../../🗿️artifacts/🧊️3d/🏅️standards/🔖️1/🪆️subsets/✳️any/✏️editor/🦀️component.rs	2641	mismatched types
E0308	✏️s/🔌️plugins/🧩️puzzle/📦️packages/🦀️rust/././../../🗿️artifacts/🧊️3d/🏅️standards/🔖️1/🪆️subsets/✳️any/✏️editor/🦀️component.rs	2667	mismatched types
E0277	✏️s/🔌️plugins/🧩️puzzle/📦️packages/🦀️rust/././../../🗿️artifacts/🧊️3d/🏅️standards/🔖️1/🪆️subsets/✳️any/✏️editor/🦀️component.rs	2689	the trait bound `std::string::String: From<impl Future<Output = std::string::String>>` is not satisfied
E0308	✏️s/🔌️plugins/🧩️puzzle/📦️packages/🦀️rust/././../../🗿️artifacts/🧊️3d/🏅️standards/🔖️1/🪆️subsets/✳️any/✏️editor/🦀️component.rs	2691	mismatched types
E0277	✏️s/🔌️plugins/🧩️puzzle/📦️packages/🦀️rust/././../../🗿️artifacts/🧊️3d/🏅️standards/🔖️1/🪆️subsets/✳️any/✏️editor/🦀️component.rs	2700	the trait bound `std::string::String: From<impl Future<Output = std::string::String>>` is not satisfied
E0277	✏️s/🔌️plugins/🧩️puzzle/📦️packages/🦀️rust/././../../🗿️artifacts/🧊️3d/🏅️standards/🔖️1/🪆️subsets/✳️any/✏️editor/🦀️component.rs	2711	the trait bound `std::string::String: From<impl Future<Output = std::string::String>>` is not satisfied
E0308	✏️s/🔌️plugins/🧩️puzzle/📦️packages/🦀️rust/././../../🗿️artifacts/🧊️3d/🏅️standards/🔖️1/🪆️subsets/✳️any/✏️editor/🦀️component.rs	2712	mismatched types
E0308	✏️s/🔌️plugins/🧩️puzzle/📦️packages/🦀️rust/././../../🗿️artifacts/🧊️3d/🏅️standards/🔖️1/🪆️subsets/✳️any/✏️editor/🦀️component.rs	2714	mismatched types
E0599	✏️s/🔌️plugins/🧩️puzzle/📦️packages/🦀️rust/././../../🗿️artifacts/🧊️3d/🏅️standards/🔖️1/🪆️subsets/✳️any/✏️editor/🦀️component.rs	1895	no method named `item` found for opaque type `impl Future<Output = semio_framework_plugin::Menu<'_>>` in the current scope
E0308	✏️s/🔌️plugins/🧩️puzzle/📦️packages/🦀️rust/././../../🗿️artifacts/◻2d/🏅️standards/🔖️1/🪆️subsets/✳️any/✏️editor/🦀️component.rs	114	mismatched types
E0308	✏️s/🔌️plugins/🧩️puzzle/📦️packages/🦀️rust/././../../🗿️artifacts/🧊️3d/🏅️standards/🔖️1/🪆️subsets/✳️any/✏️editor/🦀️component.rs	2725	mismatched types
E0308	✏️s/🔌️plugins/🧩️puzzle/📦️packages/🦀️rust/././../../🗿️artifacts/🧊️3d/🏅️standards/🔖️1/🪆️subsets/✳️any/✏️editor/🦀️component.rs	2726	mismatched types
E0609	✏️s/🔌️plugins/🧩️puzzle/📦️packages/🦀️rust/./././././././../../🗿️artifacts/🧊️3d/🏅️standards/🔖️1/🪆️subsets/✳️any/🚪️io/🦀️component.rs	44	no field `parts` on type `impl Future<Output = Analysis<<... as ArtifactAnalyzer>::Parts>>`
E0609	✏️s/🔌️plugins/🧩️puzzle/📦️packages/🦀️rust/./././././././../../🗿️artifacts/🧊️3d/🏅️standards/🔖️1/🪆️subsets/✳️any/🚪️io/🦀️component.rs	45	no field `confidence` on type `impl Future<Output = Analysis<<... as ArtifactAnalyzer>::Parts>>`
E0609	✏️s/🔌️plugins/🧩️puzzle/📦️packages/🦀️rust/./././././././../../🗿️artifacts/🧊️3d/🏅️standards/🔖️1/🪆️subsets/✳️any/🚪️io/🦀️component.rs	45	no field `diagnostics` on type `impl Future<Output = Analysis<<... as ArtifactAnalyzer>::Parts>>`
E0599	✏️s/🔌️plugins/🧩️puzzle/📦️packages/🦀️rust/./././././././../../🗿️artifacts/🧊️3d/🏅️standards/🔖️1/🪆️subsets/✳️any/🚪️io/🦀️component.rs	162	no method named `map_err` found for opaque type `impl Future<Output = Result<Puzzle3dBuilder, TextError>>` in the current scope
E0599	✏️s/🔌️plugins/🧩️puzzle/📦️packages/🦀️rust/./././../../🗿️artifacts/◻2d/🏅️standards/🔖️1/🪆️subsets/✳️any/✏️editor/🎮️commands/🎥️focus-selection/🦀️component.rs	20	no method named `iter` found for opaque type `impl Future<Output = Vec<std::string::String>>` in the current scope
E0599	✏️s/🔌️plugins/🧩️puzzle/📦️packages/🦀️rust/././../../🗿️artifacts/🧊️3d/🏅️standards/🔖️1/🪆️subsets/✳️any/✏️editor/🦀️component.rs	1902	no method named `group` found for opaque type `impl Future<Output = semio_framework_plugin::Menu<'_>>` in the current scope
E0599	✏️s/🔌️plugins/🧩️puzzle/📦️packages/🦀️rust/./././././././../../🗿️artifacts/🧊️3d/🏅️standards/🔖️1/🪆️subsets/✳️any/🚪️io/🦀️component.rs	163	no method named `map_err` found for opaque type `impl Future<Output = Result<Puzzle3dBuilder, PackError>>` in the current scope
E0599	✏️s/🔌️plugins/🧩️puzzle/📦️packages/🦀️rust/././../../🗿️artifacts/🧊️3d/🏅️standards/🔖️1/🪆️subsets/✳️any/✏️editor/🦀️component.rs	1912	no method named `item` found for opaque type `impl Future<Output = semio_framework_plugin::Menu<'_>>` in the current scope
E0277	✏️s/🔌️plugins/🧩️puzzle/📦️packages/🦀️rust/././././././././../../🗿️artifacts/🧊️3d/🏅️standards/🔖️1/🪆️subsets/✳️any/🧬️schema/🧬️mutations/🦀️component.rs	292	the `?` operator can only be applied to values that implement `Try`
E0277	✏️s/🔌️plugins/🧩️puzzle/📦️packages/🦀️rust/./././../../🗿️artifacts/◻2d/🏅️standards/🔖️1/🪆️subsets/✳️any/✏️editor/🎮️commands/🕸️patch-inspector/🦀️component.rs	7	the trait bound `impl Future<Output = Vec<std::string::String>>: serde::de::DeserializeOwned` is not satisfied
E0308	✏️s/🔌️plugins/🧩️puzzle/📦️packages/🦀️rust/./././../../🗿️artifacts/◻2d/🏅️standards/🔖️1/🪆️subsets/✳️any/✏️editor/🎮️commands/🕸️patch-inspector/🦀️component.rs	7	mismatched types
E0609	✏️s/🔌️plugins/🧩️puzzle/📦️packages/🦀️rust/./././././././../../🗿️artifacts/◻2d/🏅️standards/🔖️1/🪆️subsets/✳️any/🚪️io/🦀️component.rs	42	no field `parts` on type `impl Future<Output = Analysis<<... as ArtifactAnalyzer>::Parts>>`
E0609	✏️s/🔌️plugins/🧩️puzzle/📦️packages/🦀️rust/./././././././../../🗿️artifacts/◻2d/🏅️standards/🔖️1/🪆️subsets/✳️any/🚪️io/🦀️component.rs	43	no field `confidence` on type `impl Future<Output = Analysis<<... as ArtifactAnalyzer>::Parts>>`
E0609	✏️s/🔌️plugins/🧩️puzzle/📦️packages/🦀️rust/./././././././../../🗿️artifacts/◻2d/🏅️standards/🔖️1/🪆️subsets/✳️any/🚪️io/🦀️component.rs	43	no field `diagnostics` on type `impl Future<Output = Analysis<<... as ArtifactAnalyzer>::Parts>>`
E0599	✏️s/🔌️plugins/🧩️puzzle/📦️packages/🦀️rust/./././././././../../🗿️artifacts/◻2d/🏅️standards/🔖️1/🪆️subsets/✳️any/🚪️io/🦀️component.rs	142	no method named `map_err` found for opaque type `impl Future<Output = Result<Puzzle2dBuilder, TextError>>` in the current scope
E0599	✏️s/🔌️plugins/🧩️puzzle/📦️packages/🦀️rust/./././././././../../🗿️artifacts/◻2d/🏅️standards/🔖️1/🪆️subsets/✳️any/🚪️io/🦀️component.rs	143	no method named `map_err` found for opaque type `impl Future<Output = Result<Puzzle2dBuilder, PackError>>` in the current scope
E0609	✏️s/🔌️plugins/🧩️puzzle/📦️packages/🦀️rust/./././././././../../🗿️artifacts/🖐️5d/🏅️standards/🔖️1/🪆️subsets/✳️any/🚪️io/🦀️component.rs	41	no field `parts` on type `impl Future<Output = Analysis<<... as ArtifactAnalyzer>::Parts>>`
E0609	✏️s/🔌️plugins/🧩️puzzle/📦️packages/🦀️rust/./././././././../../🗿️artifacts/🖐️5d/🏅️standards/🔖️1/🪆️subsets/✳️any/🚪️io/🦀️component.rs	42	no field `confidence` on type `impl Future<Output = Analysis<<... as ArtifactAnalyzer>::Parts>>`
E0609	✏️s/🔌️plugins/🧩️puzzle/📦️packages/🦀️rust/./././././././../../🗿️artifacts/🖐️5d/🏅️standards/🔖️1/🪆️subsets/✳️any/🚪️io/🦀️component.rs	42	no field `diagnostics` on type `impl Future<Output = Analysis<<... as ArtifactAnalyzer>::Parts>>`
E0599	✏️s/🔌️plugins/🧩️puzzle/📦️packages/🦀️rust/./././././././../../🗿️artifacts/🖐️5d/🏅️standards/🔖️1/🪆️subsets/✳️any/🚪️io/🦀️component.rs	136	no method named `map_err` found for opaque type `impl Future<Output = Result<Puzzle5dBuilder, TextError>>` in the current scope
E0599	✏️s/🔌️plugins/🧩️puzzle/📦️packages/🦀️rust/./././././././../../🗿️artifacts/🖐️5d/🏅️standards/🔖️1/🪆️subsets/✳️any/🚪️io/🦀️component.rs	137	no method named `map_err` found for opaque type `impl Future<Output = Result<Puzzle5dBuilder, PackError>>` in the current scope
E0308	✏️s/🔌️plugins/🧩️puzzle/📦️packages/🦀️rust/././././././../../🗿️artifacts/🖐️5d/🏅️standards/🔖️1/🪆️subsets/✳️any/🦀️component.rs	70	mismatched types
E0277	✏️s/🔌️plugins/🧩️puzzle/📦️packages/🦀️rust/././././././././../../🗿️artifacts/🖐️5d/🏅️standards/🔖️1/🪆️subsets/✳️any/🧬️schema/🧬️mutations/🦀️component.rs	247	the `?` operator can only be applied to values that implement `Try`
