E0433	✏️s/🔌️plugins/🗄️stdio/📦️packages/🦀️rust/./././././././../../🗿️artifacts/🖊️dwg/🏅️standards/🔖️ac1024/🪆️subsets/✳️any/🚪️io/🦀️component.rs	12095	cannot find module or crate `semio_framework_async_macros` in this scope
E0433	✏️s/🔌️plugins/🗄️stdio/📦️packages/🦀️rust/././././././././../../🗿️artifacts/🧿️semio/🏅️standards/🔖️v1/🪆️subsets/✳️brep/🧬️schema/💡️inferences/📏mass-properties/🦀️component.rs	1341	cannot find module or crate `semio_framework_async_macros` in this scope
E0425	🧰️framework/🛍️products/💻️os/📦️packages/🦀️rust/./../../🔨️modules/🏪️store/🦀️component.rs	7394	cannot find type `HybridLogicalTimestamp` in module `$crate::os_store`
E0425	🧰️framework/🛍️products/💻️os/📦️packages/🦀️rust/./../../🔨️modules/🏪️store/🦀️component.rs	7397	cannot find type `HybridLogicalTimestamp` in module `$crate::os_store`
E0277	✏️s/🔌️plugins/🗄️stdio/📦️packages/🦀️rust/././././././././../../🗿️artifacts/🧿️semio/🏅️standards/🔖️v1/🪆️subsets/✳️graph/🧬️schema/➕️normal-internals/➡️directed/🦀️component.rs	492	`impl Future<Output = impl Iterator<Item = u64>>` is not an iterator
E0277	✏️s/🔌️plugins/🗄️stdio/📦️packages/🦀️rust/././././././././../../🗿️artifacts/🧿️semio/🏅️standards/🔖️v1/🪆️subsets/✳️graph/🧬️schema/➕️normal-internals/➡️directed/🦀️component.rs	501	`impl Future<Output = impl Iterator<Item = EdgeRef>>` is not an iterator
E0277	✏️s/🔌️plugins/🗄️stdio/📦️packages/🦀️rust/././././././././../../🗿️artifacts/🧿️semio/🏅️standards/🔖️v1/🪆️subsets/✳️graph/🧬️schema/➕️normal-internals/➡️directed/🦀️component.rs	504	`impl Future<Output = impl Iterator<Item = u64>>` is not an iterator
E0277	✏️s/🔌️plugins/🗄️stdio/📦️packages/🦀️rust/././././././././../../🗿️artifacts/🧿️semio/🏅️standards/🔖️v1/🪆️subsets/✳️graph/🧬️schema/➕️normal-internals/➡️directed/🦀️component.rs	507	`impl Future<Output = impl Iterator<Item = u64>>` is not an iterator
E0277	✏️s/🔌️plugins/🗄️stdio/📦️packages/🦀️rust/././././././././../../🗿️artifacts/🧿️semio/🏅️standards/🔖️v1/🪆️subsets/✳️graph/🧬️schema/➕️normal-internals/➡️directed/🦀️component.rs	510	`impl Future<Output = impl Iterator<Item = u64>>` is not an iterator
E0277	✏️s/🔌️plugins/🗄️stdio/📦️packages/🦀️rust/././././././././../../🗿️artifacts/🧿️semio/🏅️standards/🔖️v1/🪆️subsets/✳️graph/🧬️schema/➕️normal-internals/➡️directed/🦀️component.rs	528	`impl Future<Output = impl Iterator<Item = EdgeRef>>` is not an iterator
E0277	✏️s/🔌️plugins/🗄️stdio/📦️packages/🦀️rust/././././././././../../🗿️artifacts/🧿️semio/🏅️standards/🔖️v1/🪆️subsets/✳️graph/🧬️schema/➕️normal-internals/↔️undirected/🦀️component.rs	446	`impl Future<Output = impl Iterator<Item = u64>>` is not an iterator
E0277	✏️s/🔌️plugins/🗄️stdio/📦️packages/🦀️rust/././././././././../../🗿️artifacts/🧿️semio/🏅️standards/🔖️v1/🪆️subsets/✳️graph/🧬️schema/➕️normal-internals/↔️undirected/🦀️component.rs	455	`impl Future<Output = impl Iterator<Item = EdgeRef>>` is not an iterator
E0277	✏️s/🔌️plugins/🗄️stdio/📦️packages/🦀️rust/././././././././../../🗿️artifacts/🧿️semio/🏅️standards/🔖️v1/🪆️subsets/✳️graph/🧬️schema/➕️normal-internals/↔️undirected/🦀️component.rs	458	`impl Future<Output = impl Iterator<Item = u64>>` is not an iterator
E0277	✏️s/🔌️plugins/🗄️stdio/📦️packages/🦀️rust/././././././././../../🗿️artifacts/🧿️semio/🏅️standards/🔖️v1/🪆️subsets/✳️graph/🧬️schema/➕️normal-internals/↔️undirected/🦀️component.rs	461	`impl Future<Output = impl Iterator<Item = u64>>` is not an iterator
E0277	✏️s/🔌️plugins/🗄️stdio/📦️packages/🦀️rust/././././././././../../🗿️artifacts/🧿️semio/🏅️standards/🔖️v1/🪆️subsets/✳️graph/🧬️schema/➕️normal-internals/↔️undirected/🦀️component.rs	464	`impl Future<Output = impl Iterator<Item = u64>>` is not an iterator
E0277	✏️s/🔌️plugins/🗄️stdio/📦️packages/🦀️rust/././././././././../../🗿️artifacts/🧿️semio/🏅️standards/🔖️v1/🪆️subsets/✳️graph/🧬️schema/➕️normal-internals/↔️undirected/🦀️component.rs	482	`impl Future<Output = impl Iterator<Item = EdgeRef>>` is not an iterator
E0277	✏️s/🔌️plugins/🗄️stdio/📦️packages/🦀️rust/././././././././../../🗿️artifacts/🧿️semio/🏅️standards/🔖️v1/🪆️subsets/✳️graph/🧬️schema/🔌️ports-internals/↔️undirected/🦀️component.rs	432	`impl Future<Output = impl Iterator<Item = u64>>` is not an iterator
E0277	✏️s/🔌️plugins/🗄️stdio/📦️packages/🦀️rust/././././././././../../🗿️artifacts/🧿️semio/🏅️standards/🔖️v1/🪆️subsets/✳️graph/🧬️schema/🔌️ports-internals/↔️undirected/🦀️component.rs	441	`impl Future<Output = impl Iterator<Item = EdgeRef>>` is not an iterator
E0277	✏️s/🔌️plugins/🗄️stdio/📦️packages/🦀️rust/././././././././../../🗿️artifacts/🧿️semio/🏅️standards/🔖️v1/🪆️subsets/✳️graph/🧬️schema/🔌️ports-internals/↔️undirected/🦀️component.rs	444	`impl Future<Output = impl Iterator<Item = u64>>` is not an iterator
E0277	✏️s/🔌️plugins/🗄️stdio/📦️packages/🦀️rust/././././././././../../🗿️artifacts/🧿️semio/🏅️standards/🔖️v1/🪆️subsets/✳️graph/🧬️schema/🔌️ports-internals/↔️undirected/🦀️component.rs	447	`impl Future<Output = impl Iterator<Item = u64>>` is not an iterator
E0277	✏️s/🔌️plugins/🗄️stdio/📦️packages/🦀️rust/././././././././../../🗿️artifacts/🧿️semio/🏅️standards/🔖️v1/🪆️subsets/✳️graph/🧬️schema/🔌️ports-internals/↔️undirected/🦀️component.rs	450	`impl Future<Output = impl Iterator<Item = u64>>` is not an iterator
E0277	✏️s/🔌️plugins/🗄️stdio/📦️packages/🦀️rust/././././././././../../🗿️artifacts/🧿️semio/🏅️standards/🔖️v1/🪆️subsets/✳️graph/🧬️schema/🔌️ports-internals/↔️undirected/🦀️component.rs	468	`impl Future<Output = impl Iterator<Item = EdgeRef>>` is not an iterator
E0277	✏️s/🔌️plugins/🗄️stdio/📦️packages/🦀️rust/./././././././././../../🗿️artifacts/🧿️semio/🏅️standards/🔖️v1/🪆️subsets/✳️graph/🧬️schema/🔌️ports-internals/➡️directed/➕️normal/🦀️component.rs	489	`impl Future<Output = impl Iterator<Item = u64>>` is not an iterator
E0277	✏️s/🔌️plugins/🗄️stdio/📦️packages/🦀️rust/./././././././././../../🗿️artifacts/🧿️semio/🏅️standards/🔖️v1/🪆️subsets/✳️graph/🧬️schema/🔌️ports-internals/➡️directed/➕️normal/🦀️component.rs	498	`impl Future<Output = impl Iterator<Item = EdgeRef>>` is not an iterator
E0277	✏️s/🔌️plugins/🗄️stdio/📦️packages/🦀️rust/./././././././././../../🗿️artifacts/🧿️semio/🏅️standards/🔖️v1/🪆️subsets/✳️graph/🧬️schema/🔌️ports-internals/➡️directed/➕️normal/🦀️component.rs	501	`impl Future<Output = impl Iterator<Item = u64>>` is not an iterator
E0277	✏️s/🔌️plugins/🗄️stdio/📦️packages/🦀️rust/./././././././././../../🗿️artifacts/🧿️semio/🏅️standards/🔖️v1/🪆️subsets/✳️graph/🧬️schema/🔌️ports-internals/➡️directed/➕️normal/🦀️component.rs	504	`impl Future<Output = impl Iterator<Item = u64>>` is not an iterator
E0277	✏️s/🔌️plugins/🗄️stdio/📦️packages/🦀️rust/./././././././././../../🗿️artifacts/🧿️semio/🏅️standards/🔖️v1/🪆️subsets/✳️graph/🧬️schema/🔌️ports-internals/➡️directed/➕️normal/🦀️component.rs	507	`impl Future<Output = impl Iterator<Item = u64>>` is not an iterator
E0277	✏️s/🔌️plugins/🗄️stdio/📦️packages/🦀️rust/./././././././././../../🗿️artifacts/🧿️semio/🏅️standards/🔖️v1/🪆️subsets/✳️graph/🧬️schema/🔌️ports-internals/➡️directed/➕️normal/🦀️component.rs	525	`impl Future<Output = impl Iterator<Item = EdgeRef>>` is not an iterator
E0609	✏️s/🔌️plugins/🗄️stdio/📦️packages/🦀️rust/./././././././../../🗿️artifacts/🗜️deflate/🏅️standards/🔖️rfc1950/🪆️subsets/✳️any/🚪️io/🦀️component.rs	39	no field `parts` on type `impl Future<Output = Analysis<<... as ArtifactAnalyzer>::Parts>>`
E0609	✏️s/🔌️plugins/🗄️stdio/📦️packages/🦀️rust/./././././././../../🗿️artifacts/🗜️deflate/🏅️standards/🔖️rfc1950/🪆️subsets/✳️any/🚪️io/🦀️component.rs	39	no field `diagnostics` on type `impl Future<Output = Analysis<<... as ArtifactAnalyzer>::Parts>>`
E0609	✏️s/🔌️plugins/🗄️stdio/📦️packages/🦀️rust/./././././././../../🗿️artifacts/🗜️deflate/🏅️standards/🔖️rfc1950/🪆️subsets/✳️any/🚪️io/🦀️component.rs	40	no field `confidence` on type `impl Future<Output = Analysis<<... as ArtifactAnalyzer>::Parts>>`
E0609	✏️s/🔌️plugins/🗄️stdio/📦️packages/🦀️rust/./././././././../../🗿️artifacts/🗜️deflate/🏅️standards/🔖️rfc1950/🪆️subsets/✳️any/🚪️io/🦀️component.rs	40	no field `diagnostics` on type `impl Future<Output = Analysis<<... as ArtifactAnalyzer>::Parts>>`
E0277	✏️s/🔌️plugins/🗄️stdio/📦️packages/🦀️rust/./././././././../../🗿️artifacts/🎒️zip/🏅️standards/🔖️2.0/🪆️subsets/✳️any/🧬️schema/🦀️component.rs	229	`artifacts::zip::standards::v2_0::subsets::any::io::component::SniffConfidence` is not a future
E0277	✏️s/🔌️plugins/🗄️stdio/📦️packages/🦀️rust/./././././././../../🗿️artifacts/🎒️zip/🏅️standards/🔖️2.0/🪆️subsets/✳️any/🧬️schema/🦀️component.rs	252	`artifacts::zip::standards::v2_0::subsets::any::io::component::SniffConfidence` is not a future
E0277	✏️s/🔌️plugins/🗄️stdio/📦️packages/🦀️rust/./././././././../../🗿️artifacts/🎒️zip/🏅️standards/🔖️2.0/🪆️subsets/✳️any/🧬️schema/🦀️component.rs	253	`Result<ZipSnapshot, ZipError>` is not a future
E0609	✏️s/🔌️plugins/🗄️stdio/📦️packages/🦀️rust/./././././././../../🗿️artifacts/🎒️zip/🏅️standards/🔖️2.0/🪆️subsets/✳️any/🚪️io/🦀️component.rs	40	no field `parts` on type `impl Future<Output = Analysis<<... as ArtifactAnalyzer>::Parts>>`
E0609	✏️s/🔌️plugins/🗄️stdio/📦️packages/🦀️rust/./././././././../../🗿️artifacts/🎒️zip/🏅️standards/🔖️2.0/🪆️subsets/✳️any/🚪️io/🦀️component.rs	40	no field `diagnostics` on type `impl Future<Output = Analysis<<... as ArtifactAnalyzer>::Parts>>`
E0609	✏️s/🔌️plugins/🗄️stdio/📦️packages/🦀️rust/./././././././../../🗿️artifacts/🎒️zip/🏅️standards/🔖️2.0/🪆️subsets/✳️any/🚪️io/🦀️component.rs	41	no field `confidence` on type `impl Future<Output = Analysis<<... as ArtifactAnalyzer>::Parts>>`
E0609	✏️s/🔌️plugins/🗄️stdio/📦️packages/🦀️rust/./././././././../../🗿️artifacts/🎒️zip/🏅️standards/🔖️2.0/🪆️subsets/✳️any/🚪️io/🦀️component.rs	41	no field `diagnostics` on type `impl Future<Output = Analysis<<... as ArtifactAnalyzer>::Parts>>`
E0277	✏️s/🔌️plugins/🗄️stdio/📦️packages/🦀️rust/././././././././../../🗿️artifacts/🏗️ifc/🏅️standards/🔖️4/🪆️subsets/✳️any/🧬️schema/🧬️mutations/🦀️component.rs	176	`impl Future<Output = std::string::String>` doesn't implement `std::fmt::Display`
E0277	✏️s/🔌️plugins/🗄️stdio/📦️packages/🦀️rust/././././././././../../🗿️artifacts/☁️las/🏅️standards/🔖️1.0/🪆️subsets/✳️any/🧬️schema/🧬️mutations/🦀️component.rs	261	`impl Future<Output = std::string::String>` doesn't implement `std::fmt::Display`
E0505	✏️s/🔌️plugins/🗄️stdio/📦️packages/🦀️rust/./././././././../../🗿️artifacts/📷️jpg/🏅️standards/🔖️jfif-1.01/🪆️subsets/✳️any/🧬️schema/🦀️component.rs	120	cannot move out of `self` because it is borrowed
E0277	✏️s/🔌️plugins/🗄️stdio/📦️packages/🦀️rust/././././././././../../🗿️artifacts/📷️jpg/🏅️standards/🔖️jfif-1.01/🪆️subsets/✳️any/🧬️schema/🧬️mutations/🦀️component.rs	203	`impl Future<Output = std::string::String>` doesn't implement `std::fmt::Display`
E0308	✏️s/🔌️plugins/🗄️stdio/📦️packages/🦀️rust/./././././././../../🗿️artifacts/🖼️tiff/🏅️standards/🔖️6.0/🪆️subsets/✳️any/🚪️io/🦀️component.rs	213	mismatched types
E0277	✏️s/🔌️plugins/🗄️stdio/📦️packages/🦀️rust/./././././././../../🗿️artifacts/🖼️tiff/🏅️standards/🔖️6.0/🪆️subsets/✳️any/🚪️io/🦀️component.rs	515	cannot add `impl Future<Output = usize>` to `usize`
E0277	✏️s/🔌️plugins/🗄️stdio/📦️packages/🦀️rust/./././././././../../🗿️artifacts/💬️bcf/🏅️standards/🔖️2.1/🪆️subsets/✳️any/🧬️schema/🦀️component.rs	178	`artifacts::zip::standards::v2_0::subsets::any::io::component::SniffConfidence` is not a future
E0599	✏️s/🔌️plugins/🗄️stdio/📦️packages/🦀️rust/././././././././../../🗿️artifacts/🧿️semio/🏅️standards/🔖️v1/🪆️subsets/✳️drawing/🧬️schema/💡️inferences/🦀️component.rs	61	`impl Future<Output = BTreeMap<<... as InferredField<...>>::Key, ...>>` is not an iterator
E0308	✏️s/🔌️plugins/🗄️stdio/📦️packages/🦀️rust/././././././././../../🗿️artifacts/🧿️semio/🏅️standards/🔖️v1/🪆️subsets/✳️mesh/🧬️schema/💡️inferences/🦀️component.rs	64	mismatched types
E0369	✏️s/🔌️plugins/🗄️stdio/📦️packages/🦀️rust/./././././././../../🗿️artifacts/🧿️semio/🏅️standards/🔖️v1/🪆️subsets/✳️value/🧬️schema/🌫️fuzzy-internals/🦀️component.rs	1391	cannot multiply `impl Future<Output = f64>` by `f64`
E0605	✏️s/🔌️plugins/🗄️stdio/📦️packages/🦀️rust/./././././././../../🗿️artifacts/🧿️semio/🏅️standards/🔖️v1/🪆️subsets/✳️value/🧬️schema/🌫️fuzzy-internals/🦀️component.rs	1386	non-primitive cast: `impl Future<Output = u64>` as `usize`
E0605	✏️s/🔌️plugins/🗄️stdio/📦️packages/🦀️rust/./././././././../../🗿️artifacts/🧿️semio/🏅️standards/🔖️v1/🪆️subsets/✳️value/🧬️schema/🌫️fuzzy-internals/🦀️component.rs	1387	non-primitive cast: `impl Future<Output = u64>` as `usize`
E0277	✏️s/🔌️plugins/🗄️stdio/📦️packages/🦀️rust/././././././../../🗿️artifacts/🎥️mp4/🏅️standards/🔖️isobmff/🪆️subsets/✳️any/🚪️io/🦀️component.rs	557	can't compare `usize` with `impl Future<Output = usize>`
E0277	✏️s/🔌️plugins/🗄️stdio/📦️packages/🦀️rust/././././././../../🗿️artifacts/🎥️mp4/🏅️standards/🔖️isobmff/🪆️subsets/✳️any/🚪️io/🦀️component.rs	563	can't compare `usize` with `impl Future<Output = usize>`
E0277	✏️s/🔌️plugins/🗄️stdio/📦️packages/🦀️rust/././././././../../🗿️artifacts/🎥️mp4/🏅️standards/🔖️isobmff/🪆️subsets/✳️any/🚪️io/🦀️component.rs	571	can't compare `usize` with `impl Future<Output = usize>`
E0308	✏️s/🔌️plugins/🗄️stdio/📦️packages/🦀️rust/././././././../../🗿️artifacts/🎥️mp4/🏅️standards/🔖️isobmff/🪆️subsets/✳️any/🚪️io/🦀️component.rs	890	mismatched types
E0505	✏️s/🔌️plugins/🗄️stdio/📦️packages/🦀️rust/./././././././../../🗿️artifacts/🎥️mp4/🏅️standards/🔖️isobmff/🪆️subsets/✳️any/🧬️schema/🦀️component.rs	105	cannot move out of `self` because it is borrowed
E0599	✏️s/🔌️plugins/🗄️stdio/📦️packages/🦀️rust/../../🦀️component.rs	16	no method named `label` found for opaque type `impl Future<Output = PluginBuilder<NeedsLabel, _>>` in the current scope
E0599	✏️s/🔌️plugins/🗄️stdio/📦️packages/🦀️rust/././././././../../🗿️artifacts/🖼️tiff/🏅️standards/🔖️6.0/🪆️subsets/✳️any/👁️viewer/🎭️modes/👁️view/🪟️windows/🪟️main/🦀️component.rs	25	no method named `ok` found for opaque type `impl Future<Output = Result<Vec<u8>, std::string::String>>` in the current scope
E0599	✏️s/🔌️plugins/🗄️stdio/📦️packages/🦀️rust/././././././../../🗿️artifacts/🖼️tiff/🏅️standards/🔖️6.0/🪆️subsets/✳️baseline/👁️viewer/🎭️modes/👁️view/🪟️windows/🪟️main/🦀️component.rs	25	no method named `ok` found for opaque type `impl Future<Output = Result<Vec<u8>, std::string::String>>` in the current scope
E0599	✏️s/🔌️plugins/🗄️stdio/📦️packages/🦀️rust/../../📇️registry/🦀️component.rs	269	`impl Future<Output = Result<ArtifactIdentity, ArtifactDefinitionError>>` is not an iterator
E0308	✏️s/🔌️plugins/🗄️stdio/📦️packages/🦀️rust/./././../../🗿️artifacts/🌦️epw/🏅️standards/🔖️energyplus/🪆️subsets/✳️any/📚️examples/🎬️demo/🦀️component.rs	15	mismatched types
E0599	✏️s/🔌️plugins/🗄️stdio/📦️packages/🦀️rust/../../📇️registry/🦀️component.rs	284	`impl Future<Output = Result<ArtifactIdentity, ArtifactDefinitionError>>` is not an iterator
E0308	✏️s/🔌️plugins/🗄️stdio/📦️packages/🦀️rust/../../📇️registry/🦀️component.rs	290	mismatched types
E0308	✏️s/🔌️plugins/🗄️stdio/📦️packages/🦀️rust/../../📇️registry/🦀️component.rs	291	mismatched types
E0308	✏️s/🔌️plugins/🗄️stdio/📦️packages/🦀️rust/../../📇️registry/🦀️component.rs	292	mismatched types
E0308	✏️s/🔌️plugins/🗄️stdio/📦️packages/🦀️rust/../../📇️registry/🦀️component.rs	293	mismatched types
E0308	✏️s/🔌️plugins/🗄️stdio/📦️packages/🦀️rust/../../📇️registry/🦀️component.rs	294	mismatched types
E0308	✏️s/🔌️plugins/🗄️stdio/📦️packages/🦀️rust/././././././../../🗿️artifacts/📑️tsv/🏅️standards/🔖️iana/🪆️subsets/✳️any/🚪️io/🦀️component.rs	50	mismatched types
E0308	✏️s/🔌️plugins/🗄️stdio/📦️packages/🦀️rust/../../📇️registry/🦀️component.rs	329	mismatched types
E0308	✏️s/🔌️plugins/🗄️stdio/📦️packages/🦀️rust/./././././././././../../🗿️artifacts/🌐️html/🏅️standards/🔖️5/🪆️subsets/✳️any/🧬️schema/💡️inferences/🧾outline/🦀️component.rs	30	mismatched types
E0308	✏️s/🔌️plugins/🗄️stdio/📦️packages/🦀️rust/../../📇️registry/🦀️component.rs	334	mismatched types
E0308	✏️s/🔌️plugins/🗄️stdio/📦️packages/🦀️rust/./././../../🗿️artifacts/🌐️html/🏅️standards/🔖️5/🪆️subsets/✳️any/📚️examples/🎬️demo/🦀️component.rs	16	mismatched types
E0599	✏️s/🔌️plugins/🗄️stdio/📦️packages/🦀️rust/././././././../../🗿️artifacts/🖼️tiff/🏅️standards/🔖️6.0/🪆️subsets/✳️any/✏️editor/🎭️modes/✏️edit/🪟️windows/🪟️main/🦀️component.rs	25	no method named `ok` found for opaque type `impl Future<Output = Result<Vec<u8>, std::string::String>>` in the current scope
E0599	✏️s/🔌️plugins/🗄️stdio/📦️packages/🦀️rust/././././././../../🗿️artifacts/🖼️tiff/🏅️standards/🔖️6.0/🪆️subsets/✳️baseline/✏️editor/🎭️modes/✏️edit/🪟️windows/🪟️main/🦀️component.rs	25	no method named `ok` found for opaque type `impl Future<Output = Result<Vec<u8>, std::string::String>>` in the current scope
E0308	✏️s/🔌️plugins/🗄️stdio/📦️packages/🦀️rust/./././../../🗿️artifacts/🎵️mp3/🏅️standards/🔖️mpeg1-layer3/🪆️subsets/✳️any/📚️examples/🎬️demo/🦀️component.rs	15	mismatched types
E0599	✏️s/🔌️plugins/🗄️stdio/📦️packages/🦀️rust/../../📇️registry/🦀️component.rs	594	no method named `as_str` found for opaque type `impl Future<Output = &ArtifactIdentity>` in the current scope
E0277	✏️s/🔌️plugins/🗄️stdio/📦️packages/🦀️rust/../../📇️registry/🦀️component.rs	595	`impl Future<Output = &ArtifactIdentity>` doesn't implement `std::fmt::Display`
E0308	✏️s/🔌️plugins/🗄️stdio/📦️packages/🦀️rust/././././././../../🗿️artifacts/🔊️wav/🏅️standards/🔖️riff-pcm/🪆️subsets/✳️any/🚪️io/🦀️component.rs	50	mismatched types
E0308	✏️s/🔌️plugins/🗄️stdio/📦️packages/🦀️rust/././././././././../../🗿️artifacts/🌐️html/🏅️standards/🔖️5/🪆️subsets/✳️any/🧬️schema/🔺️diff/🦀️component.rs	282	mismatched types
E0599	✏️s/🔌️plugins/🗄️stdio/📦️packages/🦀️rust/../../📇️registry/🦀️component.rs	603	no method named `as_str` found for opaque type `impl Future<Output = &ArtifactIdentity>` in the current scope
E0277	✏️s/🔌️plugins/🗄️stdio/📦️packages/🦀️rust/../../📇️registry/🦀️component.rs	604	`impl Future<Output = &ArtifactIdentity>` doesn't implement `std::fmt::Display`
E0308	✏️s/🔌️plugins/🗄️stdio/📦️packages/🦀️rust/././././././././../../🗿️artifacts/🌐️html/🏅️standards/🔖️5/🪆️subsets/✳️any/🧬️schema/🔺️diff/🦀️component.rs	316	mismatched types
E0599	✏️s/🔌️plugins/🗄️stdio/📦️packages/🦀️rust/../../📇️registry/🦀️component.rs	611	no method named `map_err` found for opaque type `impl Future<Output = Result<ArtifactIdentity, ArtifactDefinitionError>>` in the current scope
E0308	✏️s/🔌️plugins/🗄️stdio/📦️packages/🦀️rust/././././././././../../🗿️artifacts/🌐️html/🏅️standards/🔖️5/🪆️subsets/✳️any/🧬️schema/🔺️diff/🦀️component.rs	436	mismatched types
E0308	✏️s/🔌️plugins/🗄️stdio/📦️packages/🦀️rust/././././././././../../🗿️artifacts/🌐️html/🏅️standards/🔖️5/🪆️subsets/✳️any/🧬️schema/🔺️diff/🦀️component.rs	476	mismatched types
E0599	✏️s/🔌️plugins/🗄️stdio/📦️packages/🦀️rust/../../📇️registry/🦀️component.rs	611	no method named `descriptor` found for opaque type `impl Future<Output = ArtifactCapability>` in the current scope
E0308	✏️s/🔌️plugins/🗄️stdio/📦️packages/🦀️rust/././././././././../../🗿️artifacts/🌐️html/🏅️standards/🔖️5/🪆️subsets/✳️any/🧬️schema/🔺️diff/🦀️component.rs	542	mismatched types
E0308	✏️s/🔌️plugins/🗄️stdio/📦️packages/🦀️rust/././././././././../../🗿️artifacts/🌐️html/🏅️standards/🔖️5/🪆️subsets/✳️any/🧬️schema/🔺️diff/🦀️component.rs	560	mismatched types
E0599	✏️s/🔌️plugins/🗄️stdio/📦️packages/🦀️rust/../../📇️registry/🦀️component.rs	620	no method named `map_err` found for opaque type `impl Future<Output = Result<ArtifactIdentity, ArtifactDefinitionError>>` in the current scope
E0308	✏️s/🔌️plugins/🗄️stdio/📦️packages/🦀️rust/././././././././../../🗿️artifacts/🌐️html/🏅️standards/🔖️5/🪆️subsets/✳️any/🧬️schema/🔺️diff/🦀️component.rs	651	mismatched types
E0599	✏️s/🔌️plugins/🗄️stdio/📦️packages/🦀️rust/../../📇️registry/🦀️component.rs	620	no method named `descriptor` found for opaque type `impl Future<Output = ArtifactCapability>` in the current scope
E0308	✏️s/🔌️plugins/🗄️stdio/📦️packages/🦀️rust/./././../../🗿️artifacts/📑️tsv/🏅️standards/🔖️iana/🪆️subsets/✳️any/📚️examples/🎬️demo/🦀️component.rs	15	mismatched types
E0308	✏️s/🔌️plugins/🗄️stdio/📦️packages/🦀️rust/././././././../../🗿️artifacts/🌐️html/🏅️standards/🔖️5/🪆️subsets/✳️any/🚪️io/🦀️component.rs	50	mismatched types
E0599	✏️s/🔌️plugins/🗄️stdio/📦️packages/🦀️rust/../../📇️registry/🦀️component.rs	623	no method named `map_err` found for opaque type `impl Future<Output = Result<ArtifactIdentityNamespace, ArtifactDefinitionError>>` in the current scope
E0599	✏️s/🔌️plugins/🗄️stdio/📦️packages/🦀️rust/../../📇️registry/🦀️component.rs	623	no method named `map_err` found for opaque type `impl Future<Output = Result<ArtifactIdentityClaim, ArtifactDefinitionError>>` in the current scope
E0599	✏️s/🔌️plugins/🗄️stdio/📦️packages/🦀️rust/../../📇️registry/🦀️component.rs	632	no method named `map_err` found for opaque type `impl Future<Output = Result<ArtifactDefinition, ArtifactDefinitionError>>` in the current scope
E0308	✏️s/🔌️plugins/🗄️stdio/📦️packages/🦀️rust/../../📇️registry/🦀️component.rs	634	mismatched types
E0308	✏️s/🔌️plugins/🗄️stdio/📦️packages/🦀️rust/../../📇️registry/🦀️component.rs	637	mismatched types
E0308	✏️s/🔌️plugins/🗄️stdio/📦️packages/🦀️rust/../../📇️registry/🦀️component.rs	640	mismatched types
E0308	✏️s/🔌️plugins/🗄️stdio/📦️packages/🦀️rust/../../📇️registry/🦀️component.rs	643	mismatched types
E0308	✏️s/🔌️plugins/🗄️stdio/📦️packages/🦀️rust/../../📇️registry/🦀️component.rs	646	mismatched types
E0308	✏️s/🔌️plugins/🗄️stdio/📦️packages/🦀️rust/../../📇️registry/🦀️component.rs	649	mismatched types
E0308	✏️s/🔌️plugins/🗄️stdio/📦️packages/🦀️rust/../../📇️registry/🦀️component.rs	652	mismatched types
E0308	✏️s/🔌️plugins/🗄️stdio/📦️packages/🦀️rust/././././././././../../🗿️artifacts/🎥️mp4/🏅️standards/🔖️isobmff/🪆️subsets/✳️any/🧬️schema/🧬️mutations/🦀️component.rs	80	`match` arms have incompatible types
E0308	✏️s/🔌️plugins/🗄️stdio/📦️packages/🦀️rust/./././../../🗿️artifacts/📼️avi/🏅️standards/🔖️1.0/🪆️subsets/✳️any/📚️examples/🎬️demo/🦀️component.rs	15	mismatched types
E0308	✏️s/🔌️plugins/🗄️stdio/📦️packages/🦀️rust/././././././././../../🗿️artifacts/🎥️mp4/🏅️standards/🔖️isobmff/🪆️subsets/✳️any/🧬️schema/🧬️mutations/🦀️component.rs	84	mismatched types
E0308	✏️s/🔌️plugins/🗄️stdio/📦️packages/🦀️rust/././././././../../🗿️artifacts/🎵️mp3/🏅️standards/🔖️mpeg1-layer3/🪆️subsets/✳️any/🚪️io/🦀️component.rs	49	mismatched types
E0308	✏️s/🔌️plugins/🗄️stdio/📦️packages/🦀️rust/././././././././../../🗿️artifacts/🎥️mp4/🏅️standards/🔖️isobmff/🪆️subsets/✳️any/🧬️schema/🧬️mutations/🦀️component.rs	88	mismatched types
E0308	✏️s/🔌️plugins/🗄️stdio/📦️packages/🦀️rust/././././././././../../🗿️artifacts/🎥️mp4/🏅️standards/🔖️isobmff/🪆️subsets/✳️any/🧬️schema/🧬️mutations/🦀️component.rs	91	mismatched types
E0308	✏️s/🔌️plugins/🗄️stdio/📦️packages/🦀️rust/././././././././../../🗿️artifacts/🧿️semio/🏅️standards/🔖️v1/🪆️subsets/✳️kit/🧬️schema/📸️snapshot/🦀️component.rs	151	mismatched types
E0599	✏️s/🔌️plugins/🗄️stdio/📦️packages/🦀️rust/../../📇️registry/🦀️component.rs	661	no method named `map_err` found for opaque type `impl Future<Output = Result<ArtifactLocale, ArtifactDefinitionError>>` in the current scope
E0308	✏️s/🔌️plugins/🗄️stdio/📦️packages/🦀️rust/./././../../🗿️artifacts/🎥️mp4/🏅️standards/🔖️isobmff/🪆️subsets/✳️any/📚️examples/🎬️demo/🦀️component.rs	15	mismatched types
E0308	✏️s/🔌️plugins/🗄️stdio/📦️packages/🦀️rust/././././././../../🗿️artifacts/📼️avi/🏅️standards/🔖️1.0/🪆️subsets/✳️any/🚪️io/🦀️component.rs	50	mismatched types
E0308	✏️s/🔌️plugins/🗄️stdio/📦️packages/🦀️rust/././././././././../../🗿️artifacts/🧿️semio/🏅️standards/🔖️v1/🪆️subsets/✳️kit/📚️examples/🪑️furniture/🦀️component.rs	22	mismatched types
E0308	✏️s/🔌️plugins/🗄️stdio/📦️packages/🦀️rust/./././../../🗿️artifacts/🧿️semio/🏅️standards/🔖️v1/🪆️subsets/✳️any/📚️examples/🎬️demo/🦀️component.rs	15	mismatched types
E0308	✏️s/🔌️plugins/🗄️stdio/📦️packages/🦀️rust/./././../../🗿️artifacts/🧿️semio/🏅️standards/🔖️v1/🪆️subsets/✳️any/📚️examples/📃️note/🦀️component.rs	19	mismatched types
E0308	✏️s/🔌️plugins/🗄️stdio/📦️packages/🦀️rust/././././././././../../🗿️artifacts/🧿️semio/🏅️standards/🔖️v1/🪆️subsets/✳️kit/🧬️schema/📸️snapshot/🦀️component.rs	380	mismatched types
E0599	✏️s/🔌️plugins/🗄️stdio/📦️packages/🦀️rust/././../../🗿️artifacts/💾️binary/🦀️component.rs	35	no method named `expect` found for opaque type `impl Future<Output = Result<ArtifactKindId, std::string::String>>` in the current scope
E0308	✏️s/🔌️plugins/🗄️stdio/📦️packages/🦀️rust/./././../../🗿️artifacts/🔊️wav/🏅️standards/🔖️riff-pcm/🪆️subsets/✳️any/📚️examples/🎬️demo/🦀️component.rs	15	mismatched types
E0107	✏️s/🔌️plugins/🗄️stdio/📦️packages/🦀️rust/././././././../../🗿️artifacts/💾️binary/🏅️standards/🔖️raw/🪆️subsets/✳️any/🦀️component.rs	40	function takes 2 generic arguments but 1 generic argument was supplied
E0308	✏️s/🔌️plugins/🗄️stdio/📦️packages/🦀️rust/././././././../../🗿️artifacts/🌦️epw/🏅️standards/🔖️energyplus/🪆️subsets/✳️any/🚪️io/🦀️component.rs	53	mismatched types
E0107	✏️s/🔌️plugins/🗄️stdio/📦️packages/🦀️rust/././././././../../🗿️artifacts/💾️binary/🏅️standards/🔖️raw/🪆️subsets/✳️any/🦀️component.rs	41	function takes 2 generic arguments but 1 generic argument was supplied
E0277	✏️s/🔌️plugins/🗄️stdio/📦️packages/🦀️rust/././././././../../🗿️artifacts/💾️binary/🏅️standards/🔖️raw/🪆️subsets/✳️any/🦀️component.rs	40	the trait bound `NoPluginApp: From<VcsArtifactApp<ViewerApp<_>>>` is not satisfied
E0277	✏️s/🔌️plugins/🗄️stdio/📦️packages/🦀️rust/././././././../../🗿️artifacts/💾️binary/🏅️standards/🔖️raw/🪆️subsets/✳️any/🦀️component.rs	41	the trait bound `NoPluginApp: From<VcsArtifactApp<EditorApp<_>>>` is not satisfied
E0425	✏️s/🔌️plugins/🗄️stdio/📦️packages/🦀️rust/././././././../../🗿️artifacts/🎥️mp4/🏅️standards/🔖️isobmff/🪆️subsets/✳️any/🚪️io/🦀️component.rs	820	cannot find function `write_boxasync` in this scope
E0308	✏️s/🔌️plugins/🗄️stdio/📦️packages/🦀️rust/././././././../../🗿️artifacts/🎥️mp4/🏅️standards/🔖️isobmff/🪆️subsets/✳️any/🚪️io/🦀️component.rs	825	mismatched types
E0308	✏️s/🔌️plugins/🗄️stdio/📦️packages/🦀️rust/././././././../../🗿️artifacts/🎥️mp4/🏅️standards/🔖️isobmff/🪆️subsets/✳️any/🚪️io/🦀️component.rs	826	mismatched types
E0308	✏️s/🔌️plugins/🗄️stdio/📦️packages/🦀️rust/././././././../../🗿️artifacts/🎥️mp4/🏅️standards/🔖️isobmff/🪆️subsets/✳️any/🚪️io/🦀️component.rs	827	mismatched types
E0308	✏️s/🔌️plugins/🗄️stdio/📦️packages/🦀️rust/././././././../../🗿️artifacts/🎥️mp4/🏅️standards/🔖️isobmff/🪆️subsets/✳️any/🚪️io/🦀️component.rs	828	mismatched types
E0308	✏️s/🔌️plugins/🗄️stdio/📦️packages/🦀️rust/././././././././../../🗿️artifacts/🎥️mp4/🏅️standards/🔖️isobmff/🪆️subsets/✳️any/🧬️schema/📸️snapshot/🦀️component.rs	249	`match` arms have incompatible types
E0308	✏️s/🔌️plugins/🗄️stdio/📦️packages/🦀️rust/././././././././../../🗿️artifacts/🎥️mp4/🏅️standards/🔖️isobmff/🪆️subsets/✳️any/🧬️schema/📸️snapshot/🦀️component.rs	249	`match` arms have incompatible types
E0308	✏️s/🔌️plugins/🗄️stdio/📦️packages/🦀️rust/./././././././../../🗿️artifacts/💾️binary/🏅️standards/🔖️raw/🪆️subsets/✳️any/🚪️io/🦀️component.rs	82	mismatched types
E0308	✏️s/🔌️plugins/🗄️stdio/📦️packages/🦀️rust/./././././././../../🗿️artifacts/💾️binary/🏅️standards/🔖️raw/🪆️subsets/✳️any/🚪️io/🦀️component.rs	208	mismatched types
E0308	✏️s/🔌️plugins/🗄️stdio/📦️packages/🦀️rust/././././../../🗿️artifacts/💾️binary/🏅️standards/🔖️raw/🪆️subsets/✳️any/📚️examples/🎬️demo/🦀️component.rs	14	mismatched types
E0599	✏️s/🔌️plugins/🗄️stdio/📦️packages/🦀️rust/././../../🗿️artifacts/📄txt/🦀️component.rs	32	no method named `expect` found for opaque type `impl Future<Output = Result<ArtifactKindId, std::string::String>>` in the current scope
E0107	✏️s/🔌️plugins/🗄️stdio/📦️packages/🦀️rust/././././././../../🗿️artifacts/📄txt/🏅️standards/🔖️utf-8/🪆️subsets/✳️any/🦀️component.rs	35	function takes 2 generic arguments but 1 generic argument was supplied
E0107	✏️s/🔌️plugins/🗄️stdio/📦️packages/🦀️rust/././././././../../🗿️artifacts/📄txt/🏅️standards/🔖️utf-8/🪆️subsets/✳️any/🦀️component.rs	36	function takes 2 generic arguments but 1 generic argument was supplied
E0277	✏️s/🔌️plugins/🗄️stdio/📦️packages/🦀️rust/././././././../../🗿️artifacts/📄txt/🏅️standards/🔖️utf-8/🪆️subsets/✳️any/🦀️component.rs	35	the trait bound `NoPluginApp: From<VcsArtifactApp<ViewerApp<_>>>` is not satisfied
E0277	✏️s/🔌️plugins/🗄️stdio/📦️packages/🦀️rust/././././././../../🗿️artifacts/📄txt/🏅️standards/🔖️utf-8/🪆️subsets/✳️any/🦀️component.rs	36	the trait bound `NoPluginApp: From<VcsArtifactApp<EditorApp<_>>>` is not satisfied
E0308	✏️s/🔌️plugins/🗄️stdio/📦️packages/🦀️rust/./././././././././../../🗿️artifacts/🧿️semio/🏅️standards/🔖️v1/🪆️subsets/✳️object/🧬️schema/🧬️mutations/🧱create-brep/🔺️diff/🦀️component.rs	15	mismatched types
E0308	✏️s/🔌️plugins/🗄️stdio/📦️packages/🦀️rust/./././././././././../../🗿️artifacts/🧿️semio/🏅️standards/🔖️v1/🪆️subsets/✳️kit/🧬️schema/🧬️mutations/🏗️create-object/🔺️diff/🦀️component.rs	14	mismatched types
E0308	✏️s/🔌️plugins/🗄️stdio/📦️packages/🦀️rust/./././././././././../../🗿️artifacts/🧿️semio/🏅️standards/🔖️v1/🪆️subsets/✳️object/🧬️schema/🧬️mutations/🕸️create-mesh/🔺️diff/🦀️component.rs	15	mismatched types
E0308	✏️s/🔌️plugins/🗄️stdio/📦️packages/🦀️rust/./././././././././../../🗿️artifacts/🧿️semio/🏅️standards/🔖️v1/🪆️subsets/✳️object/🧬️schema/🧬️mutations/🏷️create-properties/🔺️diff/🦀️component.rs	15	mismatched types
E0308	✏️s/🔌️plugins/🗄️stdio/📦️packages/🦀️rust/./././././././././../../🗿️artifacts/🧿️semio/🏅️standards/🔖️v1/🪆️subsets/✳️kit/🧬️schema/🧬️mutations/🏛️create-model/🔺️diff/🦀️component.rs	14	mismatched types
E0308	✏️s/🔌️plugins/🗄️stdio/📦️packages/🦀️rust/././././././././../../🗿️artifacts/🧿️semio/🏅️standards/🔖️v1/🪆️subsets/✳️object/📚️examples/📦️crate/🦀️component.rs	22	mismatched types
E0308	✏️s/🔌️plugins/🗄️stdio/📦️packages/🦀️rust/././././././../../🗿️artifacts/🧿️semio/🏅️standards/🔖️v1/🪆️subsets/✳️kit/🚪️io/🦀️component.rs	115	mismatched types
E0308	✏️s/🔌️plugins/🗄️stdio/📦️packages/🦀️rust/./././././././././../../🗿️artifacts/🧿️semio/🏅️standards/🔖️v1/🪆️subsets/✳️kit/🧬️schema/🧬️mutations/🏷️create-properties/🔺️diff/🦀️component.rs	13	mismatched types
E0599	✏️s/🔌️plugins/🗄️stdio/📦️packages/🦀️rust/./././././././../../🗿️artifacts/🧿️semio/🏅️standards/🔖️v1/🪆️subsets/✳️table/🧬️schema/🎲️probability-internals/🦀️component.rs	329	no method named `powf` found for opaque type `impl Future<Output = f64>` in the current scope
E0277	✏️s/🔌️plugins/🗄️stdio/📦️packages/🦀️rust/./././././././../../🗿️artifacts/🧿️semio/🏅️standards/🔖️v1/🪆️subsets/✳️table/🧬️schema/🎲️probability-internals/🦀️component.rs	336	cannot subtract `impl Future<Output = f64>` from `{float}`
E0689	✏️s/🔌️plugins/🗄️stdio/📦️packages/🦀️rust/./././././././../../🗿️artifacts/🧿️semio/🏅️standards/🔖️v1/🪆️subsets/✳️table/🧬️schema/🎲️probability-internals/🦀️component.rs	338	can't call method `sqrt` on ambiguous numeric type `{float}`
E0277	✏️s/🔌️plugins/🗄️stdio/📦️packages/🦀️rust/./././././././../../🗿️artifacts/🧿️semio/🏅️standards/🔖️v1/🪆️subsets/✳️table/🧬️schema/🎲️probability-internals/🦀️component.rs	338	cannot multiply `f64` by `impl Future<Output = f64>`
E0369	✏️s/🔌️plugins/🗄️stdio/📦️packages/🦀️rust/./././././././../../🗿️artifacts/🧿️semio/🏅️standards/🔖️v1/🪆️subsets/✳️table/🧬️schema/🎲️probability-internals/🦀️component.rs	346	binary operation `<` cannot be applied to type `impl Future<Output = f64>`
E0308	✏️s/🔌️plugins/🗄️stdio/📦️packages/🦀️rust/././././././././../../🗿️artifacts/🧿️semio/🏅️standards/🔖️v1/🪆️subsets/✳️table/📚️examples/📃️sheet/🦀️component.rs	24	mismatched types
E0308	✏️s/🔌️plugins/🗄️stdio/📦️packages/🦀️rust/././././././../../🗿️artifacts/🧿️semio/🏅️standards/🔖️v1/🪆️subsets/✳️graph/🚪️io/🦀️component.rs	89	mismatched types
E0308	✏️s/🔌️plugins/🗄️stdio/📦️packages/🦀️rust/././././././././../../🗿️artifacts/🧿️semio/🏅️standards/🔖️v1/🪆️subsets/✳️graph/📚️examples/🕸️wires/🦀️component.rs	26	mismatched types
E0308	✏️s/🔌️plugins/🗄️stdio/📦️packages/🦀️rust/././././././../../🗿️artifacts/🧿️semio/🏅️standards/🔖️v1/🪆️subsets/✳️object/🚪️io/🦀️component.rs	113	mismatched types
E0308	✏️s/🔌️plugins/🗄️stdio/📦️packages/🦀️rust/./././././././../../🗿️artifacts/🧿️semio/🏅️standards/🔖️v1/🪆️subsets/✳️object/🧬️schema/🦀️component.rs	123	mismatched types
E0308	✏️s/🔌️plugins/🗄️stdio/📦️packages/🦀️rust/././././././../../🗿️artifacts/🧿️semio/🏅️standards/🔖️v1/🪆️subsets/✳️table/🚪️io/🦀️component.rs	91	mismatched types
E0599	✏️s/🔌️plugins/🗄️stdio/📦️packages/🦀️rust/./././././././../../🗿️artifacts/🧿️semio/🏅️standards/🔖️v1/🪆️subsets/✳️table/🧬️schema/🎲️probability-internals/🦀️component.rs	349	no method named `ln` found for opaque type `impl Future<Output = f64>` in the current scope
E0308	✏️s/🔌️plugins/🗄️stdio/📦️packages/🦀️rust/././././././././../../🗿️artifacts/🧿️semio/🏅️standards/🔖️v1/🪆️subsets/✳️object/🧬️schema/📸️snapshot/🦀️component.rs	101	mismatched types
E0277	✏️s/🔌️plugins/🗄️stdio/📦️packages/🦀️rust/./././././././../../🗿️artifacts/🧿️semio/🏅️standards/🔖️v1/🪆️subsets/✳️table/🧬️schema/🎲️probability-internals/🦀️component.rs	405	cannot multiply `{float}` by `impl Future<Output = f64>`
E0277	✏️s/🔌️plugins/🗄️stdio/📦️packages/🦀️rust/./././././././../../🗿️artifacts/🧿️semio/🏅️standards/🔖️v1/🪆️subsets/✳️table/🧬️schema/🎲️probability-internals/🦀️component.rs	406	cannot multiply `{float}` by `impl Future<Output = f64>`
E0689	✏️s/🔌️plugins/🗄️stdio/📦️packages/🦀️rust/./././././././../../🗿️artifacts/🧿️semio/🏅️standards/🔖️v1/🪆️subsets/✳️table/🧬️schema/🎲️probability-internals/🦀️component.rs	409	can't call method `sqrt` on ambiguous numeric type `{float}`
E0369	✏️s/🔌️plugins/🗄️stdio/📦️packages/🦀️rust/./././././././../../🗿️artifacts/🧿️semio/🏅️standards/🔖️v1/🪆️subsets/✳️table/🧬️schema/🎲️probability-internals/🦀️component.rs	466	cannot multiply `impl Future<Output = f64>` by `f64`
E0308	✏️s/🔌️plugins/🗄️stdio/📦️packages/🦀️rust/././././././././../../🗿️artifacts/🧿️semio/🏅️standards/🔖️v1/🪆️subsets/✳️object/🧬️schema/📸️snapshot/🦀️component.rs	206	mismatched types
E0308	✏️s/🔌️plugins/🗄️stdio/📦️packages/🦀️rust/./././././././../../🗿️artifacts/📄txt/🏅️standards/🔖️utf-8/🪆️subsets/✳️any/🚪️io/🦀️component.rs	61	mismatched types
E0308	✏️s/🔌️plugins/🗄️stdio/📦️packages/🦀️rust/./././././././../../🗿️artifacts/📄txt/🏅️standards/🔖️utf-8/🪆️subsets/✳️any/🚪️io/🦀️component.rs	188	mismatched types
E0308	✏️s/🔌️plugins/🗄️stdio/📦️packages/🦀️rust/././././../../🗿️artifacts/📄txt/🏅️standards/🔖️utf-8/🪆️subsets/✳️any/📚️examples/🎬️demo/🦀️component.rs	14	mismatched types
E0277	✏️s/🔌️plugins/🗄️stdio/📦️packages/🦀️rust/./././././././../../🗿️artifacts/🧿️semio/🏅️standards/🔖️v1/🪆️subsets/✳️table/🧬️schema/🎲️probability-internals/🦀️component.rs	724	the trait bound `u64: From<impl Future<Output = bool>>` is not satisfied
E0277	✏️s/🔌️plugins/🗄️stdio/📦️packages/🦀️rust/./././././././../../🗿️artifacts/🧿️semio/🏅️standards/🔖️v1/🪆️subsets/✳️table/🧬️schema/🔗️causal-internals/🦀️component.rs	517	the `?` operator can only be applied to values that implement `Try`
E0308	✏️s/🔌️plugins/🗄️stdio/📦️packages/🦀️rust/./././././././../../🗿️artifacts/🧿️semio/🏅️standards/🔖️v1/🪆️subsets/✳️table/🧬️schema/🎲️probability-internals/🦀️component.rs	803	mismatched types
E0277	✏️s/🔌️plugins/🗄️stdio/📦️packages/🦀️rust/./././././././../../🗿️artifacts/🧿️semio/🏅️standards/🔖️v1/🪆️subsets/✳️table/🧬️schema/🔗️causal-internals/🦀️component.rs	678	the `?` operator can only be applied to values that implement `Try`
E0308	✏️s/🔌️plugins/🗄️stdio/📦️packages/🦀️rust/./././././././../../🗿️artifacts/🧿️semio/🏅️standards/🔖️v1/🪆️subsets/✳️flow/🚪️io/🦀️component.rs	119	mismatched types
E0369	✏️s/🔌️plugins/🗄️stdio/📦️packages/🦀️rust/./././././././../../🗿️artifacts/🧿️semio/🏅️standards/🔖️v1/🪆️subsets/✳️table/🧬️schema/🔗️causal-internals/🦀️component.rs	1302	binary operation `<` cannot be applied to type `impl Future<Output = f64>`
E0368	✏️s/🔌️plugins/🗄️stdio/📦️packages/🦀️rust/./././././././../../🗿️artifacts/🧿️semio/🏅️standards/🔖️v1/🪆️subsets/✳️table/🧬️schema/🔗️causal-internals/🦀️component.rs	1306	binary assignment operation `-=` cannot be applied to type `impl Future<Output = f64>`
E0308	✏️s/🔌️plugins/🗄️stdio/📦️packages/🦀️rust/././././././../../🗿️artifacts/🧿️semio/🏅️standards/🔖️v1/🪆️subsets/✳️text/🚪️io/🦀️component.rs	90	mismatched types
E0308	✏️s/🔌️plugins/🗄️stdio/📦️packages/🦀️rust/././././././../../🗿️artifacts/🧿️semio/🏅️standards/🔖️v1/🪆️subsets/✳️video/🚪️io/🦀️component.rs	130	mismatched types
E0599	✏️s/🔌️plugins/🗄️stdio/📦️packages/🦀️rust/./././././././../../🗿️artifacts/🧿️semio/🏅️standards/🔖️v1/🪆️subsets/✳️table/🧬️schema/🔗️causal-internals/🦀️component.rs	1514	no method named `next_range` found for opaque type `impl Future<Output = semio_framework_geometry::random::Rng>` in the current scope
E0308	✏️s/🔌️plugins/🗄️stdio/📦️packages/🦀️rust/./././././././././../../🗿️artifacts/🔣️json/🏅️standards/🔖️rfc8259/🪆️subsets/✳️any/🧬️schema/💡️inferences/🧾outline/🦀️component.rs	42	mismatched types
E0308	✏️s/🔌️plugins/🗄️stdio/📦️packages/🦀️rust/./././././././././../../🗿️artifacts/🔣️json/🏅️standards/🔖️rfc8259/🪆️subsets/✳️any/🧬️schema/💡️inferences/🧾outline/🦀️component.rs	52	mismatched types
E0308	✏️s/🔌️plugins/🗄️stdio/📦️packages/🦀️rust/././././././././../../🗿️artifacts/🔣️json/🏅️standards/🔖️rfc8259/🪆️subsets/✳️any/🧬️schema/🔺️diff/🦀️component.rs	210	mismatched types
E0308	✏️s/🔌️plugins/🗄️stdio/📦️packages/🦀️rust/././././././././../../🗿️artifacts/🔣️json/🏅️standards/🔖️rfc8259/🪆️subsets/✳️any/🧬️schema/🔺️diff/🦀️component.rs	217	mismatched types
E0308	✏️s/🔌️plugins/🗄️stdio/📦️packages/🦀️rust/././././././././../../🗿️artifacts/🧿️semio/🏅️standards/🔖️v1/🪆️subsets/✳️value/🧬️schema/🧬️mutations/🦀️component.rs	131	mismatched types
E0308	✏️s/🔌️plugins/🗄️stdio/📦️packages/🦀️rust/././././././././../../🗿️artifacts/🧿️semio/🏅️standards/🔖️v1/🪆️subsets/✳️value/🧬️schema/🧬️mutations/🦀️component.rs	136	mismatched types
E0308	✏️s/🔌️plugins/🗄️stdio/📦️packages/🦀️rust/././././././././../../🗿️artifacts/🔣️json/🏅️standards/🔖️rfc8259/🪆️subsets/✳️any/🧬️schema/🔺️diff/🦀️component.rs	327	mismatched types
E0308	✏️s/🔌️plugins/🗄️stdio/📦️packages/🦀️rust/././././././././../../🗿️artifacts/🔣️json/🏅️standards/🔖️rfc8259/🪆️subsets/✳️any/🧬️schema/🔺️diff/🦀️component.rs	355	mismatched types
E0308	✏️s/🔌️plugins/🗄️stdio/📦️packages/🦀️rust/././././././././../../🗿️artifacts/🔣️json/🏅️standards/🔖️rfc8259/🪆️subsets/✳️any/🧬️schema/🔺️diff/🦀️component.rs	492	mismatched types
E0308	✏️s/🔌️plugins/🗄️stdio/📦️packages/🦀️rust/././././././././../../🗿️artifacts/🔣️json/🏅️standards/🔖️rfc8259/🪆️subsets/✳️any/🧬️schema/🔺️diff/🦀️component.rs	583	`match` arms have incompatible types
E0308	✏️s/🔌️plugins/🗄️stdio/📦️packages/🦀️rust/./././././././../../🗿️artifacts/🧿️semio/🏅️standards/🔖️v1/🪆️subsets/✳️presentation/🚪️io/🦀️component.rs	124	mismatched types
E0308	✏️s/🔌️plugins/🗄️stdio/📦️packages/🦀️rust/././././././././../../🗿️artifacts/🧿️semio/🏅️standards/🔖️v1/🪆️subsets/✳️mesh/🧬️schema/💡️inferences/🦀️component.rs	40	mismatched types
E0308	✏️s/🔌️plugins/🗄️stdio/📦️packages/🦀️rust/././././././././../../🗿️artifacts/🧿️semio/🏅️standards/🔖️v1/🪆️subsets/✳️value/🧬️schema/🔺️diff/🦀️component.rs	272	mismatched types
E0308	✏️s/🔌️plugins/🗄️stdio/📦️packages/🦀️rust/././././././././../../🗿️artifacts/🧿️semio/🏅️standards/🔖️v1/🪆️subsets/✳️value/🧬️schema/🔺️diff/🦀️component.rs	279	mismatched types
E0308	✏️s/🔌️plugins/🗄️stdio/📦️packages/🦀️rust/././././././././../../🗿️artifacts/🧿️semio/🏅️standards/🔖️v1/🪆️subsets/✳️value/🧬️schema/🔺️diff/🦀️component.rs	304	mismatched types
E0308	✏️s/🔌️plugins/🗄️stdio/📦️packages/🦀️rust/././././././././../../🗿️artifacts/🧿️semio/🏅️standards/🔖️v1/🪆️subsets/✳️value/🧬️schema/🔺️diff/🦀️component.rs	335	mismatched types
E0308	✏️s/🔌️plugins/🗄️stdio/📦️packages/🦀️rust/././././././././../../🗿️artifacts/🔣️json/🏅️standards/🔖️rfc8259/🪆️subsets/✳️any/🧬️schema/🧬️mutations/🦀️component.rs	116	mismatched types
E0308	✏️s/🔌️plugins/🗄️stdio/📦️packages/🦀️rust/././././././././../../🗿️artifacts/🔣️json/🏅️standards/🔖️rfc8259/🪆️subsets/✳️any/🧬️schema/🧬️mutations/🦀️component.rs	117	mismatched types
E0308	✏️s/🔌️plugins/🗄️stdio/📦️packages/🦀️rust/././././../../🗿️artifacts/🔣️json/🏅️standards/🔖️rfc8259/🪆️subsets/✳️any/📚️examples/🎬️demo/🦀️component.rs	14	mismatched types
E0308	✏️s/🔌️plugins/🗄️stdio/📦️packages/🦀️rust/././././././././../../🗿️artifacts/📰xml/🏅️standards/🔖️1.0/🪆️subsets/✳️any/📚️examples/🎬️demo/🦀️component.rs	14	mismatched types
E0308	✏️s/🔌️plugins/🗄️stdio/📦️packages/🦀️rust/./././././././../../🗿️artifacts/🧿️semio/🏅️standards/🔖️v1/🪆️subsets/✳️value/🚪️io/🦀️component.rs	121	mismatched types
E0308	✏️s/🔌️plugins/🗄️stdio/📦️packages/🦀️rust/././././././././../../🗿️artifacts/🧿️semio/🏅️standards/🔖️v1/🪆️subsets/✳️mesh/📚️examples/🧊️cube/🦀️component.rs	19	mismatched types
E0308	✏️s/🔌️plugins/🗄️stdio/📦️packages/🦀️rust/./././././././../../🗿️artifacts/🧿️semio/🏅️standards/🔖️v1/🪆️subsets/✳️model/🚪️io/🦀️component.rs	123	mismatched types
E0308	✏️s/🔌️plugins/🗄️stdio/📦️packages/🦀️rust/./././././././././../../🗿️artifacts/📰xml/🏅️standards/🔖️1.0/🪆️subsets/✳️any/🧬️schema/💡️inferences/🧾outline/🦀️component.rs	31	mismatched types
E0308	✏️s/🔌️plugins/🗄️stdio/📦️packages/🦀️rust/./././././././../../🗿️artifacts/🧿️semio/🏅️standards/🔖️v1/🪆️subsets/✳️image/🚪️io/🦀️component.rs	117	mismatched types
E0308	✏️s/🔌️plugins/🗄️stdio/📦️packages/🦀️rust/./././././././../../🗿️artifacts/🧿️semio/🏅️standards/🔖️v1/🪆️subsets/✳️drawing/🚪️io/🦀️component.rs	147	mismatched types
E0308	✏️s/🔌️plugins/🗄️stdio/📦️packages/🦀️rust/././././././././../../🗿️artifacts/📰xml/🏅️standards/🔖️1.0/🪆️subsets/✳️any/🧬️schema/🔺️diff/🦀️component.rs	318	mismatched types
E0308	✏️s/🔌️plugins/🗄️stdio/📦️packages/🦀️rust/././././././././../../🗿️artifacts/📰xml/🏅️standards/🔖️1.0/🪆️subsets/✳️any/🧬️schema/🔺️diff/🦀️component.rs	352	mismatched types
E0308	✏️s/🔌️plugins/🗄️stdio/📦️packages/🦀️rust/././././././././../../🗿️artifacts/📰xml/🏅️standards/🔖️1.0/🪆️subsets/✳️any/🧬️schema/🔺️diff/🦀️component.rs	484	mismatched types
E0308	✏️s/🔌️plugins/🗄️stdio/📦️packages/🦀️rust/././././././././../../🗿️artifacts/📰xml/🏅️standards/🔖️1.0/🪆️subsets/✳️any/🧬️schema/🔺️diff/🦀️component.rs	525	mismatched types
E0308	✏️s/🔌️plugins/🗄️stdio/📦️packages/🦀️rust/././././././././../../🗿️artifacts/📰xml/🏅️standards/🔖️1.0/🪆️subsets/✳️any/🧬️schema/🔺️diff/🦀️component.rs	595	mismatched types
E0308	✏️s/🔌️plugins/🗄️stdio/📦️packages/🦀️rust/./././././././../../🗿️artifacts/🧿️semio/🏅️standards/🔖️v1/🪆️subsets/✳️mesh/🚪️io/🦀️component.rs	139	mismatched types
E0308	✏️s/🔌️plugins/🗄️stdio/📦️packages/🦀️rust/././././././././../../🗿️artifacts/📰xml/🏅️standards/🔖️1.0/🪆️subsets/✳️any/🧬️schema/🔺️diff/🦀️component.rs	613	mismatched types
E0308	✏️s/🔌️plugins/🗄️stdio/📦️packages/🦀️rust/././././././././../../🗿️artifacts/📰xml/🏅️standards/🔖️1.0/🪆️subsets/✳️any/🧬️schema/🔺️diff/🦀️component.rs	705	mismatched types
E0599	✏️s/🔌️plugins/🗄️stdio/📦️packages/🦀️rust/././././././././../../🗿️artifacts/🧿️semio/🏅️standards/🔖️v1/🪆️subsets/✳️drawing/🧬️schema/💡️inferences/🦀️component.rs	37	`impl Future<Output = BTreeMap<<... as InferredField<...>>::Key, ...>>` is not an iterator
E0308	✏️s/🔌️plugins/🗄️stdio/📦️packages/🦀️rust/././././././././../../🗿️artifacts/🧿️semio/🏅️standards/🔖️v1/🪆️subsets/✳️document/🧬️schema/🧬️mutations/🦀️component.rs	67	mismatched types
E0308	✏️s/🔌️plugins/🗄️stdio/📦️packages/🦀️rust/././././././././../../🗿️artifacts/🧿️semio/🏅️standards/🔖️v1/🪆️subsets/✳️document/🧬️schema/🧬️mutations/🦀️component.rs	71	mismatched types
E0308	✏️s/🔌️plugins/🗄️stdio/📦️packages/🦀️rust/././././././././../../🗿️artifacts/🧿️semio/🏅️standards/🔖️v1/🪆️subsets/✳️document/🧬️schema/🧬️mutations/🦀️component.rs	75	mismatched types
E0308	✏️s/🔌️plugins/🗄️stdio/📦️packages/🦀️rust/././././././././../../🗿️artifacts/🧿️semio/🏅️standards/🔖️v1/🪆️subsets/✳️document/🧬️schema/🧬️mutations/🦀️component.rs	111	mismatched types
E0308	✏️s/🔌️plugins/🗄️stdio/📦️packages/🦀️rust/././././././././../../🗿️artifacts/🧿️semio/🏅️standards/🔖️v1/🪆️subsets/✳️document/🧬️schema/🧬️mutations/🦀️component.rs	115	mismatched types
E0308	✏️s/🔌️plugins/🗄️stdio/📦️packages/🦀️rust/././././././././../../🗿️artifacts/🧿️semio/🏅️standards/🔖️v1/🪆️subsets/✳️document/🧬️schema/🧬️mutations/🦀️component.rs	121	mismatched types
E0308	✏️s/🔌️plugins/🗄️stdio/📦️packages/🦀️rust/./././././././../../🗿️artifacts/🧿️semio/🏅️standards/🔖️v1/🪆️subsets/✳️cad/🚪️io/🦀️component.rs	140	mismatched types
E0308	✏️s/🔌️plugins/🗄️stdio/📦️packages/🦀️rust/./././././././././././././../../🗿️artifacts/🧿️semio/🏅️standards/🔖️v1/🪆️subsets/✳️cad/🚪️io/📥️import/🧩️deserializers/🗿️artifacts/📐️step/🔖️ap214/✳️any/🦀️component.rs	62	`match` arms have incompatible types
E0599	✏️s/🔌️plugins/🗄️stdio/📦️packages/🦀️rust/././././././././../../🗿️artifacts/🧿️semio/🏅️standards/🔖️v1/🪆️subsets/✳️brep/🧬️schema/💡️inferences/🦀️component.rs	33	no method named `remove` found for opaque type `impl Future<Output = BTreeMap<<... as InferredField<...>>::Key, ...>>` in the current scope
E0308	✏️s/🔌️plugins/🗄️stdio/📦️packages/🦀️rust/././././././././../../🗿️artifacts/📰xml/🏅️standards/🔖️1.0/🪆️subsets/✳️valid/📚️examples/🚫️no-doctype/🦀️component.rs	16	mismatched types
E0308	✏️s/🔌️plugins/🗄️stdio/📦️packages/🦀️rust/././././././././../../🗿️artifacts/📰xml/🏅️standards/🔖️1.0/🪆️subsets/✳️any/📚️examples/🎬️demo/🦀️component.rs	14	mismatched types
E0308	✏️s/🔌️plugins/🗄️stdio/📦️packages/🦀️rust/././././././././../../🗿️artifacts/📊️csv/🏅️standards/🔖️rfc4180/🪆️subsets/✳️any/📚️examples/🎬️demo/🦀️component.rs	16	mismatched types
E0308	✏️s/🔌️plugins/🗄️stdio/📦️packages/🦀️rust/././././././././../../🗿️artifacts/📊️csv/🏅️standards/🔖️rfc4180/🪆️subsets/✳️any/🧬️schema/📸️snapshot/🦀️component.rs	53	`match` arms have incompatible types
E0308	✏️s/🔌️plugins/🗄️stdio/📦️packages/🦀️rust/././././././././../../🗿️artifacts/📊️csv/🏅️standards/🔖️rfc4180/🪆️subsets/✳️any/🧬️schema/📸️snapshot/🦀️component.rs	53	`match` arms have incompatible types
E0308	✏️s/🔌️plugins/🗄️stdio/📦️packages/🦀️rust/./././././././../../🗿️artifacts/🧿️semio/🏅️standards/🔖️v1/🪆️subsets/✳️document/🚪️io/🦀️component.rs	89	`match` arms have incompatible types
E0308	✏️s/🔌️plugins/🗄️stdio/📦️packages/🦀️rust/./././././././../../🗿️artifacts/🧿️semio/🏅️standards/🔖️v1/🪆️subsets/✳️document/🚪️io/🦀️component.rs	178	mismatched types
E0308	✏️s/🔌️plugins/🗄️stdio/📦️packages/🦀️rust/./././././././../../🗿️artifacts/🧿️semio/🏅️standards/🔖️v1/🪆️subsets/✳️brep/🚪️io/🦀️component.rs	141	mismatched types
E0308	✏️s/🔌️plugins/🗄️stdio/📦️packages/🦀️rust/././././././././../../🗿️artifacts/📊️csv/🏅️standards/🔖️rfc4180/🪆️subsets/✳️any/📚️examples/🎬️demo/🦀️component.rs	16	mismatched types
E0308	✏️s/🔌️plugins/🗄️stdio/📦️packages/🦀️rust/././././././../../🗿️artifacts/🧿️semio/🏅️standards/🔖️v1/🪆️subsets/✳️any/🚪️io/🦀️component.rs	79	mismatched types
E0308	✏️s/🔌️plugins/🗄️stdio/📦️packages/🦀️rust/././././././../../🗿️artifacts/🧿️semio/🏅️standards/🔖️v1/🪆️subsets/✳️any/🚪️io/🦀️component.rs	91	mismatched types
E0308	✏️s/🔌️plugins/🗄️stdio/📦️packages/🦀️rust/././././././../../🗿️artifacts/🧿️semio/🏅️standards/🔖️v1/🪆️subsets/✳️any/🚪️io/🦀️component.rs	138	mismatched types
E0308	✏️s/🔌️plugins/🗄️stdio/📦️packages/🦀️rust/././././././../../🗿️artifacts/🧿️semio/🏅️standards/🔖️v1/🪆️subsets/✳️audio/🚪️io/🦀️component.rs	136	mismatched types
E0308	✏️s/🔌️plugins/🗄️stdio/📦️packages/🦀️rust/././././../../🗿️artifacts/📕️xlsx/🏅️standards/🔖️ecma-376/🪆️subsets/✳️any/📚️examples/🎬️demo/🦀️component.rs	14	mismatched types
E0308	✏️s/🔌️plugins/🗄️stdio/📦️packages/🦀️rust/././././././././../../🗿️artifacts/📝️md/🏅️standards/🔖️commonmark/🪆️subsets/✳️any/🧬️schema/🔺️diff/🦀️component.rs	318	`match` arms have incompatible types
E0308	✏️s/🔌️plugins/🗄️stdio/📦️packages/🦀️rust/././././././././../../🗿️artifacts/📝️md/🏅️standards/🔖️commonmark/🪆️subsets/✳️any/🧬️schema/🔺️diff/🦀️component.rs	332	mismatched types
E0308	✏️s/🔌️plugins/🗄️stdio/📦️packages/🦀️rust/././././././././../../🗿️artifacts/📝️md/🏅️standards/🔖️commonmark/🪆️subsets/✳️any/🧬️schema/🔺️diff/🦀️component.rs	377	mismatched types
E0308	✏️s/🔌️plugins/🗄️stdio/📦️packages/🦀️rust/././././././././../../🗿️artifacts/📝️md/🏅️standards/🔖️commonmark/🪆️subsets/✳️any/🧬️schema/🔺️diff/🦀️component.rs	528	mismatched types
E0308	✏️s/🔌️plugins/🗄️stdio/📦️packages/🦀️rust/././././././././../../🗿️artifacts/📝️md/🏅️standards/🔖️commonmark/🪆️subsets/✳️any/🧬️schema/🔺️diff/🦀️component.rs	659	mismatched types
E0308	✏️s/🔌️plugins/🗄️stdio/📦️packages/🦀️rust/././././././././../../🗿️artifacts/📝️md/🏅️standards/🔖️commonmark/🪆️subsets/✳️any/🧬️schema/🔺️diff/🦀️component.rs	720	mismatched types
E0308	✏️s/🔌️plugins/🗄️stdio/📦️packages/🦀️rust/././././../../🗿️artifacts/💬️bcf/🏅️standards/🔖️2.1/🪆️subsets/✳️any/📚️examples/🎬️demo/🦀️component.rs	14	mismatched types
E0308	✏️s/🔌️plugins/🗄️stdio/📦️packages/🦀️rust/././../../🗿️artifacts/🧿️semio/🦀️component.rs	150	mismatched types
E0308	✏️s/🔌️plugins/🗄️stdio/📦️packages/🦀️rust/././../../🗿️artifacts/🧿️semio/🦀️component.rs	160	mismatched types
E0277	✏️s/🔌️plugins/🗄️stdio/📦️packages/🦀️rust/././../../🗿️artifacts/🧿️semio/🦀️component.rs	168	the `?` operator can only be applied to values that implement `Try`
E0277	✏️s/🔌️plugins/🗄️stdio/📦️packages/🦀️rust/././../../🗿️artifacts/🧿️semio/🦀️component.rs	168	the size for values of type `[u8]` cannot be known at compilation time
E0277	✏️s/🔌️plugins/🗄️stdio/📦️packages/🦀️rust/././../../🗿️artifacts/🧿️semio/🦀️component.rs	168	the size for values of type `[u8]` cannot be known at compilation time
E0277	✏️s/🔌️plugins/🗄️stdio/📦️packages/🦀️rust/././../../🗿️artifacts/🧿️semio/🦀️component.rs	168	the size for values of type `[u8]` cannot be known at compilation time
E0599	✏️s/🔌️plugins/🗄️stdio/📦️packages/🦀️rust/././../../🗿️artifacts/🧿️semio/🦀️component.rs	169	no method named `map_err` found for opaque type `impl Future<Output = Result<HistoryLog, ProtocolError>>` in the current scope
E0308	✏️s/🔌️plugins/🗄️stdio/📦️packages/🦀️rust/././././././../../🗿️artifacts/🧿️semio/🏅️standards/🔖️v1/🪆️subsets/✳️animation/🚪️io/🦀️component.rs	122	mismatched types
E0308	✏️s/🔌️plugins/🗄️stdio/📦️packages/🦀️rust/././././../../🗿️artifacts/🎞️pptx/🏅️standards/🔖️ecma-376/🪆️subsets/✳️any/📚️examples/🎬️demo/🦀️component.rs	14	mismatched types
E0308	✏️s/🔌️plugins/🗄️stdio/📦️packages/🦀️rust/././././././../../🗿️artifacts/📜️docx/🏅️standards/🔖️ecma-376/🪆️subsets/✳️transitional/🧬️schema/🦀️component.rs	28	mismatched types
E0308	✏️s/🔌️plugins/🗄️stdio/📦️packages/🦀️rust/././././././../../🗿️artifacts/📜️docx/🏅️standards/🔖️ecma-376/🪆️subsets/✳️transitional/🧬️schema/🦀️component.rs	47	mismatched types
E0308	✏️s/🔌️plugins/🗄️stdio/📦️packages/🦀️rust/././././././../../🗿️artifacts/📜️docx/🏅️standards/🔖️ecma-376/🪆️subsets/✳️transitional/🧬️schema/🦀️component.rs	54	mismatched types
E0308	✏️s/🔌️plugins/🗄️stdio/📦️packages/🦀️rust/././././../../🗿️artifacts/📜️docx/🏅️standards/🔖️ecma-376/🪆️subsets/✳️any/📚️examples/🎬️demo/🦀️component.rs	16	mismatched types
E0308	✏️s/🔌️plugins/🗄️stdio/📦️packages/🦀️rust/./././././././../../🗿️artifacts/🎞️gif/🏅️standards/🔖️89a/🪆️subsets/✳️any/🚪️io/🦀️component.rs	416	mismatched types
E0308	✏️s/🔌️plugins/🗄️stdio/📦️packages/🦀️rust/././../../🗿️artifacts/🎞️pptx/🦀️component.rs	45	mismatched types
E0308	✏️s/🔌️plugins/🗄️stdio/📦️packages/🦀️rust/././././../../🗿️artifacts/🎞️gif/🏅️standards/🔖️87a/🪆️subsets/✳️any/📚️examples/🎬️demo/🦀️component.rs	14	mismatched types
E0308	✏️s/🔌️plugins/🗄️stdio/📦️packages/🦀️rust/././././../../🗿️artifacts/🎞️gif/🏅️standards/🔖️87a/🪆️subsets/✳️any/📚️examples/💃️dancing/🦀️component.rs	31	mismatched types
E0308	✏️s/🔌️plugins/🗄️stdio/📦️packages/🦀️rust/././././././././../../🗿️artifacts/🖼️tiff/🏅️standards/🔖️6.0/🪆️subsets/✳️any/📚️examples/🎬️demo/🦀️component.rs	16	mismatched types
E0308	✏️s/🔌️plugins/🗄️stdio/📦️packages/🦀️rust/./././././././../../🗿️artifacts/🎞️pptx/🏅️standards/🔖️ecma-376/🪆️subsets/✳️any/🧬️schema/🦀️component.rs	32	mismatched types
E0599	✏️s/🔌️plugins/🗄️stdio/📦️packages/🦀️rust/./././././././../../🗿️artifacts/🖼️tiff/🏅️standards/🔖️6.0/🪆️subsets/✳️any/🧬️schema/🦀️component.rs	286	no method named `expect` found for opaque type `impl Future<Output = Result<Vec<u8>, std::string::String>>` in the current scope
E0599	✏️s/🔌️plugins/🗄️stdio/📦️packages/🦀️rust/./././././././../../🗿️artifacts/🖼️tiff/🏅️standards/🔖️6.0/🪆️subsets/✳️any/🧬️schema/🦀️component.rs	287	no method named `expect` found for opaque type `impl Future<Output = Result<TiffSnapshot, String>>` in the current scope
E0308	✏️s/🔌️plugins/🗄️stdio/📦️packages/🦀️rust/./././././././././../../🗿️artifacts/📝️md/🏅️standards/🔖️commonmark/🪆️subsets/✳️any/🚪️io/📥️import/🧩️deserializers/🦀️component.rs	466	mismatched types
E0308	✏️s/🔌️plugins/🗄️stdio/📦️packages/🦀️rust/./././././././././../../🗿️artifacts/📝️md/🏅️standards/🔖️commonmark/🪆️subsets/✳️any/🚪️io/📥️import/🧩️deserializers/🦀️component.rs	540	mismatched types
E0308	✏️s/🔌️plugins/🗄️stdio/📦️packages/🦀️rust/./././././././././../../🗿️artifacts/📝️md/🏅️standards/🔖️commonmark/🪆️subsets/✳️any/🚪️io/📥️import/🧩️deserializers/🦀️component.rs	574	mismatched types
E0308	✏️s/🔌️plugins/🗄️stdio/📦️packages/🦀️rust/./././././././././../../🗿️artifacts/📝️md/🏅️standards/🔖️commonmark/🪆️subsets/✳️any/🚪️io/📥️import/🧩️deserializers/🦀️component.rs	584	mismatched types
E0308	✏️s/🔌️plugins/🗄️stdio/📦️packages/🦀️rust/././././../../🗿️artifacts/📝️md/🏅️standards/🔖️commonmark/🪆️subsets/✳️any/📚️examples/🎬️demo/🦀️component.rs	14	mismatched types
E0599	✏️s/🔌️plugins/🗄️stdio/📦️packages/🦀️rust/./././././././././././././../../🗿️artifacts/🖼️tiff/🏅️standards/🔖️6.0/🪆️subsets/✳️any/🚪️io/📥️import/🧩️deserializers/🗿️artifacts/💾️binary/🔖️raw/✳️any/🦀️component.rs	11	no method named `map_err` found for opaque type `impl Future<Output = Result<TiffSnapshot, String>>` in the current scope
E0599	✏️s/🔌️plugins/🗄️stdio/📦️packages/🦀️rust/././././././././../../🗿️artifacts/🖼️tiff/🏅️standards/🔖️6.0/🪆️subsets/✳️any/🧬️schema/📸️snapshot/🦀️component.rs	288	no method named `map_err` found for opaque type `impl Future<Output = Result<TiffSnapshot, String>>` in the current scope
E0599	✏️s/🔌️plugins/🗄️stdio/📦️packages/🦀️rust/./././././././././././././../../🗿️artifacts/🖼️tiff/🏅️standards/🔖️6.0/🪆️subsets/✳️any/🚪️io/📤️export/🧵️serializers/🗿️artifacts/💾️binary/🔖️raw/✳️any/🦀️component.rs	11	no method named `map_err` found for opaque type `impl Future<Output = Result<Vec<u8>, std::string::String>>` in the current scope
E0599	✏️s/🔌️plugins/🗄️stdio/📦️packages/🦀️rust/././././././././../../🗿️artifacts/🖼️tiff/🏅️standards/🔖️6.0/🪆️subsets/✳️any/🧬️schema/📸️snapshot/🦀️component.rs	292	no method named `unwrap_or_default` found for opaque type `impl Future<Output = Result<Vec<u8>, std::string::String>>` in the current scope
E0308	✏️s/🔌️plugins/🗄️stdio/📦️packages/🦀️rust/././././././././../../🗿️artifacts/🖼️tiff/🏅️standards/🔖️6.0/🪆️subsets/✳️any/📚️examples/🎬️demo/🦀️component.rs	16	mismatched types
E0308	✏️s/🔌️plugins/🗄️stdio/📦️packages/🦀️rust/././././././././../../🗿️artifacts/📜️docx/🏅️standards/🔖️ecma-376/🪆️subsets/✳️any/🧬️schema/🔺️diff/🦀️component.rs	297	mismatched types
E0599	✏️s/🔌️plugins/🗄️stdio/📦️packages/🦀️rust/././././././././../../🗿️artifacts/🖼️tiff/🏅️standards/🔖️6.0/🪆️subsets/✳️any/🧬️schema/📸️snapshot/🦀️component.rs	302	no method named `map_err` found for opaque type `impl Future<Output = Result<Vec<u8>, std::string::String>>` in the current scope
E0308	✏️s/🔌️plugins/🗄️stdio/📦️packages/🦀️rust/././../../🗿️artifacts/📜️docx/🦀️component.rs	45	mismatched types
E0599	✏️s/🔌️plugins/🗄️stdio/📦️packages/🦀️rust/././././././././../../🗿️artifacts/🖼️tiff/🏅️standards/🔖️6.0/🪆️subsets/✳️any/🧬️schema/📸️snapshot/🦀️component.rs	313	no method named `map_err` found for opaque type `impl Future<Output = Result<TiffSnapshot, String>>` in the current scope
E0308	✏️s/🔌️plugins/🗄️stdio/📦️packages/🦀️rust/././././././././../../🗿️artifacts/📜️docx/🏅️standards/🔖️ecma-376/🪆️subsets/✳️any/🧬️schema/🔺️diff/🦀️component.rs	321	mismatched types
E0308	✏️s/🔌️plugins/🗄️stdio/📦️packages/🦀️rust/./././././././../../🗿️artifacts/🎞️gif/🏅️standards/🔖️87a/🪆️subsets/✳️any/🚪️io/🦀️component.rs	676	mismatched types
E0308	✏️s/🔌️plugins/🗄️stdio/📦️packages/🦀️rust/./././././././../../🗿️artifacts/📜️docx/🏅️standards/🔖️ecma-376/🪆️subsets/✳️any/🧬️schema/🦀️component.rs	29	mismatched types
E0308	✏️s/🔌️plugins/🗄️stdio/📦️packages/🦀️rust/./././././././../../🗿️artifacts/🗜️deflate/🏅️standards/🔖️rfc1950/🪆️subsets/✳️any/🚪️io/🦀️component.rs	456	mismatched types
E0308	✏️s/🔌️plugins/🗄️stdio/📦️packages/🦀️rust/./././././././../../🗿️artifacts/🗜️deflate/🏅️standards/🔖️rfc1950/🪆️subsets/✳️any/🚪️io/🦀️component.rs	457	mismatched types
E0308	✏️s/🔌️plugins/🗄️stdio/📦️packages/🦀️rust/./././././././../../🗿️artifacts/🗜️deflate/🏅️standards/🔖️rfc1950/🪆️subsets/✳️any/🚪️io/🦀️component.rs	715	mismatched types
E0308	✏️s/🔌️plugins/🗄️stdio/📦️packages/🦀️rust/./././././././../../🗿️artifacts/🗜️deflate/🏅️standards/🔖️rfc1950/🪆️subsets/✳️any/🚪️io/🦀️component.rs	716	mismatched types
E0308	✏️s/🔌️plugins/🗄️stdio/📦️packages/🦀️rust/././././../../🗿️artifacts/🗜️deflate/🏅️standards/🔖️rfc1950/🪆️subsets/✳️any/📚️examples/🎬️demo/🦀️component.rs	14	mismatched types
E0277	✏️s/🔌️plugins/🗄️stdio/📦️packages/🦀️rust/././././././././../../🗿️artifacts/📷️jpg/🏅️standards/🔖️jfif-1.01/🪆️subsets/✳️any/🧬️schema/🧬️mutations/🦀️component.rs	253	`impl Future<Output = std::string::String>` doesn't implement `std::fmt::Display`
E0599	✏️s/🔌️plugins/🗄️stdio/📦️packages/🦀️rust/././././././././../../🗿️artifacts/📷️jpg/🏅️standards/🔖️jfif-1.01/🪆️subsets/✳️any/🧬️schema/🧬️mutations/🦀️component.rs	302	no method named `map_err` found for opaque type `impl Future<Output = Result<JpgMutation, String>>` in the current scope
E0308	✏️s/🔌️plugins/🗄️stdio/📦️packages/🦀️rust/././././../../🗿️artifacts/📷️jpg/🏅️standards/🔖️jfif-1.01/🪆️subsets/✳️any/📚️examples/🎬️demo/🦀️component.rs	14	mismatched types
E0277	✏️s/🔌️plugins/🗄️stdio/📦️packages/🦀️rust/./././././././../../🗿️artifacts/🎒️zip/🏅️standards/🔖️2.0/🪆️subsets/✳️iso21320/🚪️io/🦀️component.rs	44	`Result<Vec<u8>, artifacts::zip::standards::v2_0::subsets::any::io::component::ZipError>` is not a future
E0277	✏️s/🔌️plugins/🗄️stdio/📦️packages/🦀️rust/./././././././../../🗿️artifacts/🎒️zip/🏅️standards/🔖️2.0/🪆️subsets/✳️iso21320/🚪️io/🦀️component.rs	44	`Result<Vec<u8>, artifacts::zip::standards::v2_0::subsets::any::io::component::ZipError>` is not a future
E0308	✏️s/🔌️plugins/🗄️stdio/📦️packages/🦀️rust/././././../../🗿️artifacts/🖊️dwg/🏅️standards/🔖️ac1018/🪆️subsets/✳️any/📚️examples/🎬️demo/🦀️component.rs	14	mismatched types
E0308	✏️s/🔌️plugins/🗄️stdio/📦️packages/🦀️rust/././././../../🗿️artifacts/🖊️dwg/🏅️standards/🔖️ac1018/🪆️subsets/✳️any/📚️examples/🏛️architectural/🦀️component.rs	36	mismatched types
E0308	✏️s/🔌️plugins/🗄️stdio/📦️packages/🦀️rust/././../../🗿️artifacts/📷️png/🦀️component.rs	159	mismatched types
E0308	✏️s/🔌️plugins/🗄️stdio/📦️packages/🦀️rust/././././../../🗿️artifacts/🎒️zip/🏅️standards/🔖️2.0/🪆️subsets/✳️any/📚️examples/🎬️demo/🦀️component.rs	14	mismatched types
E0308	✏️s/🔌️plugins/🗄️stdio/📦️packages/🦀️rust/././././../../🗿️artifacts/📷️png/🏅️standards/🔖️1.2/🪆️subsets/✳️any/📚️examples/🎬️demo/🦀️component.rs	14	mismatched types
E0308	✏️s/🔌️plugins/🗄️stdio/📦️packages/🦀️rust/././././../../🗿️artifacts/📐️step/🏅️standards/🔖️ap214/🪆️subsets/✳️any/📚️examples/🎬️demo/🦀️component.rs	14	mismatched types
E0308	✏️s/🔌️plugins/🗄️stdio/📦️packages/🦀️rust/./././././././../../🗿️artifacts/🏗️ifc/🏅️standards/🔖️4/🪆️subsets/✳️any/🧬️schema/🦀️component.rs	280	mismatched types
E0308	✏️s/🔌️plugins/🗄️stdio/📦️packages/🦀️rust/./././././././../../🗿️artifacts/🖼️bmp/🏅️standards/🔖️v3/🪆️subsets/✳️any/🚪️io/🦀️component.rs	402	mismatched types
E0308	✏️s/🔌️plugins/🗄️stdio/📦️packages/🦀️rust/././././../../🗿️artifacts/🖼️bmp/🏅️standards/🔖️v3/🪆️subsets/✳️any/📚️examples/🎬️demo/🦀️component.rs	14	mismatched types
E0308	✏️s/🔌️plugins/🗄️stdio/📦️packages/🦀️rust/././././../../🗿️artifacts/🎨️svg/🏅️standards/🔖️1.1/🪆️subsets/✳️any/📚️examples/🎬️demo/🦀️component.rs	14	mismatched types
E0308	✏️s/🔌️plugins/🗄️stdio/📦️packages/🦀️rust/././././././././../../🗿️artifacts/🎨️svg/🏅️standards/🔖️1.1/🪆️subsets/✳️any/🧬️schema/🔺️diff/🦀️component.rs	311	mismatched types
E0308	✏️s/🔌️plugins/🗄️stdio/📦️packages/🦀️rust/././././././././../../🗿️artifacts/🎨️svg/🏅️standards/🔖️1.1/🪆️subsets/✳️any/🧬️schema/🔺️diff/🦀️component.rs	345	mismatched types
E0308	✏️s/🔌️plugins/🗄️stdio/📦️packages/🦀️rust/././././././././../../🗿️artifacts/🎨️svg/🏅️standards/🔖️1.1/🪆️subsets/✳️any/🧬️schema/🔺️diff/🦀️component.rs	477	mismatched types
E0277	✏️s/🔌️plugins/🗄️stdio/📦️packages/🦀️rust/././././././././../../🗿️artifacts/🏗️ifc/🏅️standards/🔖️4/🪆️subsets/✳️any/🧬️schema/🧬️mutations/🦀️component.rs	188	`impl Future<Output = std::string::String>` doesn't implement `std::fmt::Display`
E0308	✏️s/🔌️plugins/🗄️stdio/📦️packages/🦀️rust/././././././././../../🗿️artifacts/🎨️svg/🏅️standards/🔖️1.1/🪆️subsets/✳️any/🧬️schema/🔺️diff/🦀️component.rs	517	mismatched types
E0308	✏️s/🔌️plugins/🗄️stdio/📦️packages/🦀️rust/././././././././../../🗿️artifacts/🎨️svg/🏅️standards/🔖️1.1/🪆️subsets/✳️any/🧬️schema/🔺️diff/🦀️component.rs	583	mismatched types
E0308	✏️s/🔌️plugins/🗄️stdio/📦️packages/🦀️rust/././././././././../../🗿️artifacts/🎨️svg/🏅️standards/🔖️1.1/🪆️subsets/✳️any/🧬️schema/🔺️diff/🦀️component.rs	601	mismatched types
E0599	✏️s/🔌️plugins/🗄️stdio/📦️packages/🦀️rust/././././././././../../🗿️artifacts/🏗️ifc/🏅️standards/🔖️4/🪆️subsets/✳️any/🧬️schema/🧬️mutations/🦀️component.rs	229	no method named `map_err` found for opaque type `impl Future<Output = Result<IfcMutation, String>>` in the current scope
E0308	✏️s/🔌️plugins/🗄️stdio/📦️packages/🦀️rust/././././././././../../🗿️artifacts/🏗️ifc/🏅️standards/🔖️4/🪆️subsets/✳️any/🧬️schema/🧬️mutations/🦀️component.rs	289	`match` arms have incompatible types
E0599	✏️s/🔌️plugins/🗄️stdio/📦️packages/🦀️rust/././././././././../../🗿️artifacts/🏗️ifc/🏅️standards/🔖️4/🪆️subsets/✳️any/🧬️schema/🧬️mutations/🦀️component.rs	328	no method named `map_err` found for opaque type `impl Future<Output = Result<IfcSnapshot, String>>` in the current scope
E0308	✏️s/🔌️plugins/🗄️stdio/📦️packages/🦀️rust/././././././././../../🗿️artifacts/🎨️svg/🏅️standards/🔖️1.1/🪆️subsets/✳️any/🧬️schema/🔺️diff/🦀️component.rs	692	mismatched types
E0308	✏️s/🔌️plugins/🗄️stdio/📦️packages/🦀️rust/./././././././../../🗿️artifacts/🏗️ifc/🏅️standards/🔖️2x3/🪆️subsets/✳️any/🧬️schema/🦀️component.rs	336	mismatched types
E0277	✏️s/🔌️plugins/🗄️stdio/📦️packages/🦀️rust/././././././././../../🗿️artifacts/🟪️stl/🏅️standards/🔖️ascii/🪆️subsets/✳️any/🧬️schema/🧬️mutations/🦀️component.rs	148	`impl Future<Output = std::string::String>` doesn't implement `std::fmt::Display`
E0599	✏️s/🔌️plugins/🗄️stdio/📦️packages/🦀️rust/././././././././../../🗿️artifacts/🟪️stl/🏅️standards/🔖️ascii/🪆️subsets/✳️any/🧬️schema/🧬️mutations/🦀️component.rs	183	no method named `map_err` found for opaque type `impl Future<Output = Result<StlMutation, String>>` in the current scope
E0308	✏️s/🔌️plugins/🗄️stdio/📦️packages/🦀️rust/././././../../🗿️artifacts/🟪️stl/🏅️standards/🔖️ascii/🪆️subsets/✳️any/📚️examples/🎬️demo/🦀️component.rs	14	mismatched types
E0277	✏️s/🔌️plugins/🗄️stdio/📦️packages/🦀️rust/././././././././../../🗿️artifacts/🖊️dxf/🏅️standards/🔖️r12/🪆️subsets/✳️any/🧬️schema/🔺️diff/🦀️component.rs	279	the trait bound `std::string::String: Borrow<&str>` is not satisfied
E0308	✏️s/🔌️plugins/🗄️stdio/📦️packages/🦀️rust/././././././././../../🗿️artifacts/🧊️obj/🏅️standards/🔖️3.0/🪆️subsets/✳️any/🧬️schema/🔺️diff/🦀️component.rs	2282	mismatched types
E0308	✏️s/🔌️plugins/🗄️stdio/📦️packages/🦀️rust/././././././././../../🗿️artifacts/🧊️obj/🏅️standards/🔖️3.0/🪆️subsets/✳️any/🧬️schema/🔺️diff/🦀️component.rs	2286	mismatched types
E0308	✏️s/🔌️plugins/🗄️stdio/📦️packages/🦀️rust/././././././././../../🗿️artifacts/🧊️obj/🏅️standards/🔖️3.0/🪆️subsets/✳️any/🧬️schema/🔺️diff/🦀️component.rs	2290	mismatched types
E0308	✏️s/🔌️plugins/🗄️stdio/📦️packages/🦀️rust/././././././././../../🗿️artifacts/🧊️obj/🏅️standards/🔖️3.0/🪆️subsets/✳️any/🧬️schema/🔺️diff/🦀️component.rs	2294	mismatched types
E0599	✏️s/🔌️plugins/🗄️stdio/📦️packages/🦀️rust/././././././././../../🗿️artifacts/🏗️ifc/🏅️standards/🔖️2x3/🪆️subsets/✳️any/🧬️schema/🧬️mutations/🦀️component.rs	151	no method named `map_err` found for opaque type `impl Future<Output = Result<Ifc2x3Mutation, String>>` in the current scope
E0308	✏️s/🔌️plugins/🗄️stdio/📦️packages/🦀️rust/././././././././../../🗿️artifacts/🏗️ifc/🏅️standards/🔖️2x3/🪆️subsets/✳️any/🧬️schema/🧬️mutations/🦀️component.rs	212	`match` arms have incompatible types
E0599	✏️s/🔌️plugins/🗄️stdio/📦️packages/🦀️rust/./././././././././././././../../🗿️artifacts/🏗️ifc/🏅️standards/🔖️2x3/🪆️subsets/✳️any/🚪️io/📥️import/🧩️deserializers/🗿️artifacts/💾️binary/🔖️raw/✳️any/🦀️component.rs	11	no method named `map_err` found for opaque type `impl Future<Output = Result<Ifc2x3Snapshot, String>>` in the current scope
E0599	✏️s/🔌️plugins/🗄️stdio/📦️packages/🦀️rust/./././././././././././././../../🗿️artifacts/🏗️ifc/🏅️standards/🔖️2x3/🪆️subsets/✳️any/🚪️io/📥️import/🧩️deserializers/🗿️artifacts/📄txt/🔖️utf-8/✳️any/🦀️component.rs	11	no method named `map_err` found for opaque type `impl Future<Output = Result<Ifc2x3Snapshot, String>>` in the current scope
E0308	✏️s/🔌️plugins/🗄️stdio/📦️packages/🦀️rust/././././../../🗿️artifacts/☁️ply/🏅️standards/🔖️1.0/🪆️subsets/✳️any/📚️examples/🎬️demo/🦀️component.rs	14	mismatched types
E0308	✏️s/🔌️plugins/🗄️stdio/📦️packages/🦀️rust/././././../../🗿️artifacts/🖊️dxf/🏅️standards/🔖️r12/🪆️subsets/✳️any/📚️examples/🎬️demo/🦀️component.rs	14	mismatched types
E0308	✏️s/🔌️plugins/🗄️stdio/📦️packages/🦀️rust/././././../../🗿️artifacts/🏗️ifc/🏅️standards/🔖️2x3/🪆️subsets/✳️any/📚️examples/🎬️demo/🦀️component.rs	14	mismatched types
E0614	✏️s/🔌️plugins/🗄️stdio/📦️packages/🦀️rust/././././././././../../🗿️artifacts/🧊️obj/🏅️standards/🔖️3.0/🪆️subsets/✳️any/🧬️schema/🔺️diff/🦀️component.rs	653	type `impl Future<Output = &mut Vec<usize>>` cannot be dereferenced
E0308	✏️s/🔌️plugins/🗄️stdio/📦️packages/🦀️rust/././././../../🗿️artifacts/🧊️obj/🏅️standards/🔖️3.0/🪆️subsets/✳️any/📚️examples/🎬️demo/🦀️component.rs	14	mismatched types
E0308	✏️s/🔌️plugins/🗄️stdio/📦️packages/🦀️rust/././././././././../../🗿️artifacts/🧊️obj/🏅️standards/🔖️3.0/🪆️subsets/✳️any/🧬️schema/🔺️diff/🦀️component.rs	82	mismatched types
E0600	✏️s/🔌️plugins/🗄️stdio/📦️packages/🦀️rust/././././././././../../🗿️artifacts/🧊️obj/🏅️standards/🔖️3.0/🪆️subsets/✳️any/🧬️schema/🔺️diff/🦀️component.rs	82	cannot apply unary operator `!` to type `impl Future<Output = bool>`
E0308	✏️s/🔌️plugins/🗄️stdio/📦️packages/🦀️rust/././././././././../../🗿️artifacts/🧊️obj/🏅️standards/🔖️3.0/🪆️subsets/✳️any/🧬️schema/🔺️diff/🦀️component.rs	88	mismatched types
E0600	✏️s/🔌️plugins/🗄️stdio/📦️packages/🦀️rust/././././././././../../🗿️artifacts/🧊️obj/🏅️standards/🔖️3.0/🪆️subsets/✳️any/🧬️schema/🔺️diff/🦀️component.rs	179	cannot apply unary operator `!` to type `impl Future<Output = bool>`
E0599	✏️s/🔌️plugins/🗄️stdio/📦️packages/🦀️rust/././././././././../../🗿️artifacts/☁️las/🏅️standards/🔖️1.0/🪆️subsets/✳️any/🧬️schema/🧬️mutations/🦀️component.rs	338	no method named `map_err` found for opaque type `impl Future<Output = Result<LasMutation, String>>` in the current scope
E0599	✏️s/🔌️plugins/🗄️stdio/📦️packages/🦀️rust/././././././././../../🗿️artifacts/☁️las/🏅️standards/🔖️1.0/🪆️subsets/✳️any/🧬️schema/🧬️mutations/🦀️component.rs	515	no method named `map_err` found for opaque type `impl Future<Output = Result<LasMutation, String>>` in the current scope
E0599	✏️s/🔌️plugins/🗄️stdio/📦️packages/🦀️rust/././././././././../../🗿️artifacts/☁️las/🏅️standards/🔖️1.0/🪆️subsets/✳️any/🧬️schema/🔺️diff/🦀️component.rs	2318	no method named `map_err` found for opaque type `impl Future<Output = Result<LasDiff, String>>` in the current scope
E0308	✏️s/🔌️plugins/🗄️stdio/📦️packages/🦀️rust/././././../../🗿️artifacts/☁️las/🏅️standards/🔖️1.0/🪆️subsets/✳️any/📚️examples/🎬️demo/🦀️component.rs	14	mismatched types
E0609	✏️s/🔌️plugins/🗄️stdio/📦️packages/🦀️rust/././../../🗿️artifacts/🧊️gltf/🦀️component.rs	158	no field `geometry` on type `impl Future<Output = <GltfBuilder as ArtifactInferrer>::Inference>`
E0308	✏️s/🔌️plugins/🗄️stdio/📦️packages/🦀️rust/././././../../🗿️artifacts/🧊️gltf/🏅️standards/🔖️2.0/🪆️subsets/✳️any/📚️examples/🎬️demo/🦀️component.rs	14	mismatched types
E0308	✏️s/🔌️plugins/🗄️stdio/📦️packages/🦀️rust/././././../../🗿️artifacts/🧊️gltf/🏅️standards/🔖️2.0/🪆️subsets/✳️any/📚️examples/🌱️metabolism/🦀️component.rs	41	mismatched types
E0277	✏️s/🔌️plugins/🗄️stdio/📦️packages/🦀️rust/././././././././../../🗿️artifacts/☁️las/🏅️standards/🔖️1.0/🪆️subsets/✳️any/🧬️schema/🧬️mutations/🦀️component.rs	291	`impl Future<Output = std::string::String>` doesn't implement `std::fmt::Display`
E0277	✏️s/🔌️plugins/🗄️stdio/📦️packages/🦀️rust/././././././././../../🗿️artifacts/☁️las/🏅️standards/🔖️1.0/🪆️subsets/✳️any/🧬️schema/🧬️mutations/🦀️component.rs	296	`impl Future<Output = std::string::String>` doesn't implement `std::fmt::Display`
E0277	✏️s/🔌️plugins/🗄️stdio/📦️packages/🦀️rust/././././././././../../🗿️artifacts/☁️las/🏅️standards/🔖️1.0/🪆️subsets/✳️any/🧬️schema/🧬️mutations/🦀️component.rs	297	`impl Future<Output = std::string::String>` doesn't implement `std::fmt::Display`
E0308	✏️s/🔌️plugins/🗄️stdio/📦️packages/🦀️rust/././././././././../../🗿️artifacts/🧊️gltf/🏅️standards/🔖️2.0/🪆️subsets/✳️any/🧬️schema/🔺️diff/🦀️component.rs	266	mismatched types
E0308	✏️s/🔌️plugins/🗄️stdio/📦️packages/🦀️rust/././././././././../../🗿️artifacts/🧊️gltf/🏅️standards/🔖️2.0/🪆️subsets/✳️any/🧬️schema/🔺️diff/🦀️component.rs	303	mismatched types
E0308	✏️s/🔌️plugins/🗄️stdio/📦️packages/🦀️rust/././././././././../../🗿️artifacts/🧊️gltf/🏅️standards/🔖️2.0/🪆️subsets/✳️any/🧬️schema/🔺️diff/🦀️component.rs	337	mismatched types
E0308	✏️s/🔌️plugins/🗄️stdio/📦️packages/🦀️rust/././././././././../../🗿️artifacts/🧊️gltf/🏅️standards/🔖️2.0/🪆️subsets/✳️any/🧬️schema/🔺️diff/🦀️component.rs	347	mismatched types
E0507	✏️s/🔌️plugins/🗄️stdio/📦️packages/🦀️rust/././././././././../../🗿️artifacts/📝️md/🏅️standards/🔖️commonmark/🪆️subsets/✳️any/🧬️schema/🔺️diff/🦀️component.rs	567	cannot move out of dereference of `Pin<std::boxed::Box<std::option::Option<MdBlocksDiff>>>`
